gw_page	file_position	paragraph	sentence	anchor_reviewed	anchor_modernized	anchor_en	note
9	001	1	1	Eine Erklärung, wie ſie einer Schrifft	Eine Erklärung, wie sie einer Schrift	A prefatory explanation of the kind	
10	001	1	6	Bey der Philoſophie hingegen würde die	Bei der Philosophie hingegen würde die	With philosophy, by contrast, an inconsistency	
11	001	3	4	— Denn die Sache iſt nicht	— Denn die Sache ist nicht	— For what exhausts the matter	
12	001	5	5	Daſs die Erhebung der Philoſophie zur	Dass die Erhebung der Philosophie zur	Attempts with this purpose could be	
13	001	7	5	Dieſem Bedürfniſſe ſoll ſie alſo nicht	Diesem Bedürfnisse soll sie also nicht	What this need asks of philosophy,	
14	001	9	3	Die Philoſophie aber muſs ſich hüten,	Die Philosophie aber muss sich hüten,	Philosophy, however, must beware of wanting	
15	001	11	5	Diſs allmählige Zerbrökeln, das die Phyſiognomie	Dies allmähliche Zerbröckeln, das die Physiognomie	Such gradual crumbling left the physiognomy	
16	001	13	5	Die verſtändige Form der Wiſſenſchaft iſt	Die verständige Form der Wissenschaft ist	Science in the form that belongs	
17	001	15	4	Die für ſich wohl wahre Idee	Die für sich wohl wahre Idee	The idea, true enough taken by	
18	001	16	6	— In der Rückſicht, daſs die	— In der Rücksicht, dass die	— Considering that a general representation,	
19	001	19	3	Aber diſs An ſich iſt die	Aber dies An sich ist die	But this in itself is the	
20	001	21	4	— Es iſt daher ein Verkennen	— Es ist daher ein Verkennen	— To shut reflection out of	
21	001	23	5	Inſofern iſt nicht abzuſehen, warum nicht	Insofern ist nicht abzusehen, warum nicht	So far as that goes, there	
22	001	24	8	Sie kann ſomit eben ſo ſehr	Sie kann somit eben so sehr	It may accordingly be taken just	
23	001	26	5	Weil es die Unmittelbarkeit des Geiſtes,	Weil es die Unmittelbarkeit des Geistes,	Substance is the transfigured essentiality: reflection	
24	001	27	1	Diſs Werden der Wiſſenſchaft überhaupt, oder	Dies Werden der Wissenschaft überhaupt, oder	What the present Phenomenology of spirit	
25	001	28	6	So durchlaufft jeder einzelne auch die	So durchlauft jeder einzelne auch die	In the same way each singular	
26	001	29	5	— Weil die Substanz des Individuums,	— Weil die Substanz des Individuums,	— The individual, to be sure,	
27	001	31	2	Es ist die gewöhnlichste Selbsttäuschung wie	Es ist die gewöhnlichste Selbsttäuschung wie	It is the commonest self-deception, and	
28	001	32	14	— Sie ist daſſelbe, was oben	— Sie ist dasselbe, was oben	— This force is the same	
29	001	34	3	Der Weg, wodurch der Begriff des	Der Weg, wodurch der Begriff des	Through this movement the road by	
30	001	37	5	Indem ſie diſs vollkommen gezeigt, hat	Indem sie dies vollkommen gezeigt, hat	With substance having shown this to	
31	001	39	10	Es wird aus dieſer Unterſcheidung wohl	Es wird aus dieser Unterscheidung wohl	Their equality does of course emerge	
32	001	42	2	Ebenſo würde die Kenntniſs, die einer	Ebenso würde die Kenntnis, die einer	In the same way, the acquaintance	
33	001	44	3	Sie geht nicht aus dem Begriffe	Sie geht nicht aus dem Begriffe	It does not emerge from the	
34	001	45	12	Daſs es der Begriff iſt, der	Dass es der Begriff ist, der	From the fact that it is	
35	001	47	4	Das Verſchwindende iſt vielmehr ſelbſt als	Das Verschwindende ist vielmehr selbst als	What vanishes must rather be viewed	
36	001	48	11	Auch mag ſie in freyerer Manier,	Auch mag sie in freierer Manier,	It may also survive in a	
37	001	50	3	Es werden dabey theils ſinnliche Beſtimmungen	Es werden dabei teils sinnliche Bestimmungen	Part of what gets taken up	
38	001	51	8	Was dieſe Methode, allem himmliſchen und	Was diese Methode, allem himmlischen und	The yield of this method —	
39	001	53	7	— Wenn die Beſtimmtheit auch eine	— Wenn die Bestimmtheit auch eine	— Even when the determinateness is	
40	001	54	8	— Durch dieſe Natur des Seyenden	— Durch diese Natur des Seienden	— Given this nature of what	
41	001	56	2	— Die concrete Gestalt sich selbst	— Die konkrete Gestalt sich selbst	— By moving itself, the concrete	
42	001	58	5	Das andere, das Räsonniren, hingegen ist	Das andere, das Räsonieren, hingegen ist	The other, ratiocination, is by contrast	
43	001	60	7	In dieser Bewegung geht jenes ruhende	In dieser Bewegung geht jenes ruhende	Within that movement the subject at	
44	001	61	4	So soll auch im philosophischen Satze	So soll auch im philosophischen Satze	In the philosophical proposition, likewise, the	
45	001	64	1	Eine Schwierigkeit, die vermieden werden ſollte,	Eine Schwierigkeit, die vermieden werden sollte,	A difficulty that ought to be	
46	001	66	6	Aus dieſem Grunde kann es zum	Aus diesem Grunde kann es zum	That is why it can serve	
47	001	68	2	Es iſt nicht erfreulich, zu bemerken,	Es ist nicht erfreulich, zu bemerken,	It is not a pleasant thing	
48	001	69	8	Denn die Natur dieſer iſt auf	Denn die Natur dieser ist auf	For the nature of humanity is	
49	001	71	3	Somit kann ich auch hoffen, daſs	Somit kann ich auch hoffen, dass	So I may also hope that	
53	003	1	1	Es ist eine natürliche Vorstellung, daſs,	Es ist eine natürliche Vorstellung, dass,	It is a natural representation that	
54	003	1	11	Oder wenn die Prüffung des Erkennens,	Oder wenn die Prüfung des Erkennens,	Or if testing the cognition that	
55	003	4	2	Denn das Vorgeben, theils daſs ihre	Denn das Vorgeben, teils dass ihre	For the pretense, partly that their	
56	003	6	1	Das natürliche Bewuſstseyn wird sich erweisen,	Das natürliche Bewusstsein wird sich erweisen,	Natural consciousness will prove to be	
57	003	7	1	Die Vollständigkeit der Formen des nicht	Die Vollständigkeit der Formen des nicht	The completeness of the forms of	
58	003	8	8	Oder die Furcht der Wahrheit mag	Oder die Furcht der Wahrheit mag	Or the fear of truth may	
59	003	11	3	Das Wesen oder der Maſsstab fiele	Das Wesen oder der Maßstab fiele	On such a showing the essence,	
60	003	13	6	Auf dieser Unterscheidung, welche vorhanden ist,	Auf dieser Unterscheidung, welche vorhanden ist,	The testing rests on this distinction,	
61	003	15	3	Dagegen es sonst scheint, daſs wir	Dagegen es sonst scheint, dass wir	Whereas it otherwise seems that we	
62	003	17	2	Indem es zu seiner wahren Existenz	Indem es zu seiner wahren Existenz	As consciousness drives itself onward to	
63	004	1	1	Das Wissen, welches zuerst oder unmittelbar	Das Wissen, welches zuerst oder unmittelbar	Whatever knowledge comes first, that is,	
64	004	3	1	An dem reinen Seyn aber, welches	An dem reinen Sein aber, welches	Yet a good deal else plays	
65	004	7	1	Das Itzt, welches Nacht ist, wird	Das Itzt, welches Nacht ist, wird	The Now that is night gets	
66	004	11	1	Vergleichen wir das Verhältniſs, in welchem	Vergleichen wir das Verhältnis, in welchem	Set the relationship in which knowledge	
67	004	14	2	Wir kommen hiedurch dahin, das Ganze	Wir kommen hierdurch dahin, das Ganze	This brings us to positing sense-certainty	
68	004	18	1	Wir sehen also in diesem Aufzeigen	Wir sehen also in diesem Aufzeigen	What we see in this pointing-out	
69	004	20	2	Das natürliche Bewuſstseyn geht deſswegen auch	Das natürliche Bewusstsein geht deswegen auch	That is also why natural consciousness	
70	004	21	3	Sie meynen dieses Stück Papier, worauf	Sie meinen dieses Stück Papier, worauf	What they mean is this piece	
71	005	1	1	Die unmittelbare Gewiſsheit nimmt sich nicht	Die unmittelbare Gewissheit nimmt sich nicht	Immediate certainty does not take what	
72	005	3	1	Das Dieses ist also gesetzt, als	Das Dieses ist also gesetzt, als	The This is accordingly posited as	
73	005	4	1	In diesem Verhältnisse, das sich ergeben	In diesem Verhältnisse, das sich ergeben	In the relationship that has resulted,	
74	005	6	3	Indem der Gegenstand das Wahre und	Indem der Gegenstand das Wahre und	Because the object is what is	
75	005	7	11	Sie bleibt als diſs reine sich	Sie bleibt als dies reine sich	Being this pure self-relation and nothing	
76	005	9	5	Wir sind somit das allgemeine Medium,	Wir sind somit das allgemeine Medium,	We ourselves, then, are the universal	
77	005	12	1	Sehen wir zurück auf dasjenige, was	Sehen wir zurück auf dasjenige, was	If we look back on what	
78	005	13	1	Das Bewuſstseyn ist also auch aus	Das Bewusstsein ist also auch aus	Consciousness has thus stepped out of	interpolated
79	005	14	3	Jedes ist aber hiemit selbst als	Jedes ist aber hiermit selbst als	With this, however, each is determined	
80	005	20	5	Allein diese Auskunftsmittel, statt die Täuschung	Allein diese Auskunftsmittel, statt die Täuschung	But these makeshifts, far from keeping	
81	005	21	8	Wozu diesen Verstand eigentlich die Natur	Wozu diesen Verstand eigentlich die Natur	This understanding is really being driven	
82	005	21	10	Indem er ihnen die Wahrheit dadurch	Indem er ihnen die Wahrheit dadurch	In wanting to give them truth	
83	006	2	3	Wir haben hiemit noch vors erste	Wir haben hiermit noch vors erste	We therefore have for the time	
84	006	5	4	Damit ist zugleich auch ihre reine	Damit ist zugleich auch ihre reine	With this their pure porosity or	
85	006	5	18	Hier sind diese beyden Seiten Momente	Hier sind diese beiden Seiten Momente	In the present case these two	
86	006	7	5	Was es mit dieser Selbstständigkeit für	Was es mit dieser Selbstständigkeit für	What this self-subsistence amounts to is	
87	006	9	4	Für uns aber war, wie oben	Für uns aber war, wie oben	For us, though, as was recalled	
88	006	11	1	Insofern wir das erste allgemeine als	Insofern wir das erste allgemeine als	So long as we take the	
89	006	12	9	Diſs Innere ist ihm daher ein	Dies Innere ist ihm daher ein	To consciousness, then, this inner is	
90	006	15	5	Wenn es mit dem Innern und	Wenn es mit dem Innern und	If there were nothing more to	
91	006	17	7	Diese beyden Seiten, das Verhältniſs des	Diese beiden Seiten, das Verhältnis des	Both of these sides, the relation	
92	006	19	5	Was ihm zu mangeln scheint, ist	Was ihm zu mangeln scheint, ist	The lack apparent in it seems	
93	006	20	6	Diese Theile des Unterschieds am Gesetze,	Diese Teile des Unterschieds am Gesetze,	But those portions of the difference	
94	006	21	11	Damit aber, daſs die Nothwendigkeit, in	Damit aber, dass die Notwendigkeit, in	But in placing necessity in the	
95	006	23	4	Es ist also nur die eigne	Es ist also nur die eigne	What the understanding utters, then, is	
96	006	25	1	Dieser Wechsel ist so noch nicht	Dieser Wechsel ist so noch nicht	So understood, this alternation is not	
97	006	26	5	Denn die erste übersinnliche Welt war	Denn die erste übersinnliche Welt war	For that first supersensible world amounted	
98	006	28	3	Allein solche Gegensätze von Innerem und	Allein solche Gegensätze von Innerem und	But oppositions of this kind, between	
99	006	29	5	Ebendarum aber, indem ich hier das	Ebendarum aber, indem ich hier das	But precisely on that account, since	
100	006	31	3	Dieses sichselbstgleiche Wesen bezieht sich daher	Dieses sichselbstgleiche Wesen bezieht sich daher	This self-equal essence therefore relates solely	
101	006	32	3	Das Erklären des Verstandes macht zunächst	Das Erklären des Verstandes macht zunächst	The understanding's explaining at first does	
102	006	33	9	Der nothwendige Fortgang von den bisherigen	Der notwendige Fortgang von den bisherigen	The necessary advance beyond the shapes	
103	007	1	1	In den bisherigen Weisen der Gewiſsheit	In den bisherigen Weisen der Gewissheit	In the modes of certainty treated	
104	007	2	4	Das Seyn der Meynung, die Einzelnheit	Das Sein der Meinung, die Einzelnheit	Meaning's being, the singularity and the	
105	007	3	4	Denn das Ansich, oder das allgemeine	Denn das Ansich, oder das allgemeine	For the in-itself, the universal result,	
106	007	5	4	Aber es ist ebensosehr an ihr	Aber es ist ebensosehr an ihr	Yet it lies just as much	
107	007	6	12	Das flüssige Element ist selbst nur	Das flüssige Element ist selbst nur	This fluid element is nothing but	
108	007	10	4	Es ist in der That ein	Es ist in der Tat ein	In fact the essence of desire	
109	007	12	6	Das Bewuſstseyn hat erst in dem	Das Bewusstsein hat erst in dem	It is only in self-consciousness, taken	
110	008	5	1	Diese Bewegung des Selbstbewuſstseyns in der	Diese Bewegung des Selbstbewusstseins in der	This movement whereby self-consciousness relates itself	
111	008	9	2	Was anderes für es ist, ist	Was anderes für es ist, ist	Whatever is other for it stands	
112	008	10	9	Ebenso muſs jedes auf den Tod	Ebenso muss jedes auf den Tod	Equally, each must go for the	
113	008	13	2	Der Herr bezieht sich auf diese	Der Herr bezieht sich auf diese	Two moments are what the master	
114	008	15	1	Das unwesentliche Bewuſstseyn ist hierin für	Das unwesentliche Bewusstsein ist hierin für	Here the unessential consciousness is, for	
115	008	18	4	Die Begierde hat sich das reine	Die Begierde hat sich das reine	Desire had kept back for itself	
116	008	19	13	Indem nicht alle Erfüllungen seines natürlichen	Indem nicht alle Erfüllungen seines natürlichen	Since not every filling of its	
117	009	1	7	Das Vorgestellte, Gestaltete, Seyende, als solches,	Das Vorgestellte, Gestaltete, Seiende, als solches,	What is represented, shaped, existent, taken	
118	009	3	5	Der Eigensinn ist die Freyheit, die	Der Eigensinn ist die Freiheit, die	Stubbornness is a freedom that attaches	
119	009	5	2	Der Inhalt gilt ihm zwar nur	Der Inhalt gilt ihm zwar nur	Content is valid for it, to	
120	009	8	2	Als Skepticismus hingegen ist sie Moment	Als Skeptizismus hingegen ist sie Moment	As skepticism, by contrast, that movement	
121	009	9	8	Diſs Bewuſstseyn ist also diese bewuſstlose	Dies Bewusstsein ist also diese bewusstlose	So this consciousness is that unconscious	
122	009	11	1	Dieses unglückliche, in sich entzweyte Bewuſstseyn	Dieses unglückliche, in sich entzweite Bewusstsein	This unhappy, inwardly divided consciousness must	
123	009	13	4	Aber diese Erhebung ist selbst diſs	Aber diese Erhebung ist selbst dies	But that elevation is itself this	
124	009	16	2	Es ist hiemit für dieses, überhaupt	Es ist hiermit für dieses, überhaupt	For the singular consciousness, then, that	
125	009	19	2	Allein wie er an und für	Allein wie er an und für	Only what it is in and	
126	009	21	6	Es ist schon entflohen; denn es	Es ist schon entflohen; denn es	It has fled already; for it	
127	009	22	5	Indem es sie für sich selbst	Indem es sie für sich selbst	Since it does not possess that	
128	009	25	4	Die thätige Krafft erscheint als die	Die tätige Kraft erscheint als die	Active force makes its appearance as	
129	009	27	2	Im ersten Verhältnisse war es nur	Im ersten Verhältnisse war es nur	In the first relationship consciousness was	
130	009	31	2	Durch diese Mitte ist das Extrem	Durch diese Mitte ist das Extrem	It is through this middle that	
131	009	34	1	Aber in der wirklich vollbrachten Aufopferung	Aber in der wirklich vollbrachten Aufopferung	But in the sacrifice that has	
132	010	1	1	Das Bewuſstseyn geht in dem Gedanken,	Das Bewusstsein geht in dem Gedanken,	Consciousness goes back into itself within	
133	010	2	5	Hierin erst, nachdem das Grab seiner	Hierin erst, nachdem das Grab seiner	It is at this point and	
134	010	4	2	Er spricht eine unmittelbare Gewiſsheit aus,	Er spricht eine unmittelbare Gewissheit aus,	It pronounces an immediate certainty that	
135	010	5	9	Indem der Idealismus, die einfache Einheit	Indem der Idealismus, die einfache Einheit	When idealism pronounces self-consciousness's simple unity	
136	010	6	9	Die reine Kategorie verweist auf die	Die reine Kategorie verweist auf die	It is to the species that	
137	010	8	9	Sie befindet sich in unmittelbarem Widerspruche,	Sie befindet sich in unmittelbarem Widerspruche,	It stands in an immediate contradiction,	
138	011	2	2	Aber dieses oberflächliche Mein ist nicht	Aber dieses oberflächliche Mein ist nicht	But this superficial "mine" is not	
139	012	1	1	Wenn das gedankenlose Bewuſstseyn das Beobten	Wenn das gedankenlose Bewusstsein das Beobten	Should thoughtless consciousness pronounce observation and	
140	012	2	7	Aber die Gräntzen dessen, was wie	Aber die Grenzen dessen, was wie	But the boundaries of what, like	
141	012	3	8	Die Pflanze dagegen kommt nicht zum	Die Pflanze dagegen kommt nicht zum	The plant, by contrast, does not	
142	012	5	2	Was wesentliche Merkmahle genannt werden, sind	Was wesentliche Merkmale genannt werden, sind	The so-called essential marks are resting	
143	012	7	2	Allein es widerlegt diese seine Meynung	Allein es widerlegt diese seine Meinung	Yet it refutes this supposition of	
144	012	8	7	Die negative Electricität, zum Beyspiel, welche	Die negative Elektrizität, zum Beispiel, welche	Take negative electricity, which announces itself	
145	012	10	3	Diſs was in Wahrheit das Resultat	Dies was in Wahrheit das Resultat	What in truth is the result	
146	012	12	7	Auſserdem daſs die organische Freyheit diesen	Außerdem dass die organische Freiheit diesen	Besides the fact that organic freedom	
147	012	14	1	Diese Bestimmung ist, wie sie an	Diese Bestimmung ist, wie sie an	We must look more closely at	
148	012	16	2	Es nemlich erhält sich; d. h.	Es nämlich erhält sich; d. h.	For it maintains itself; that is,	
149	012	17	7	Das Seyn aber, dessen Wirksamkeit die	Das Sein aber, dessen Wirksamkeit die	The being whose efficacy is under	
150	012	20	4	— Dieselben Bestimmungen des Verhältnisses, nemlich	— Dieselben Bestimmungen des Verhältnisses, nämlich	— These same determinations of the	
151	012	23	4	In der Bedeutung der Selbsterhaltung überhaupt	In der Bedeutung der Selbsterhaltung überhaupt	Understood in the sense of self-preservation	
152	012	27	4	Sie ist aber, als eine allgemeine	Sie ist aber, als eine allgemeine	As a universal fluidity, however, it	
153	012	28	5	Wie das Loch und das, was	Wie das Loch und das, was	Just as the hole and what	
154	012	30	1	Wird endlich statt der Sensibilität und	Wird endlich statt der Sensibilität und	If finally reproduction, rather than sensibility	
155	012	33	2	— Weil nun jene einfachen Momente	— Weil nun jene einfachen Momente	— Since those simple moments are	
156	012	35	1	Auf diese Weise geht an dem	Auf diese Weise geht an dem	In this way the representation of	
157	012	37	1	Um solche zu erhalten muſs der	Um solche zu erhalten muss der	To get such sides the understanding	
158	012	39	2	Daſs das Thier starke Muskeln habe,	Dass das Tier starke Muskeln habe,	That the animal has strong muscles	
159	012	40	1	Es ist itzt auch noch dasjenige	Es ist itzt auch noch dasjenige	It still remains to consider on	
160	012	42	9	— Sie ist die Mitte der	— Sie ist die Mitte der	— It is the middle of	
161	012	46	1	Weil nun die Negativität hier nicht	Weil nun die Negativität hier nicht	Since negativity is apprehended here not	
162	012	47	1	Diese andre Seite des Unorganischen dagegen	Diese andre Seite des Unorganischen dagegen	Take this other side of the	
163	012	47	8	So daſs der Versuch Körper-Reihen zu	So dass der Versuch Körper-Reihen zu	So that any effort to hunt	
164	012	49	1	Wenn nun aber schon die reine	Wenn nun aber schon die reine	Granted, now, that the principle of	
165	012	50	2	— Und da dieser Schluſs überhaupt	— Und da dieser Schluss überhaupt	— And since this syllogism belongs	
166	012	52	4	Aber die organische Natur hat keine	Aber die organische Natur hat keine	Organic nature, though, has no history	
167	013	1	1	Die Naturbeobachtung findet den Begriff in	Die Naturbeobachtung findet den Begriff in	In inorganic nature the observation of	
168	013	3	2	Er wird ruhiges Seyn von Beziehungen,	Er wird ruhiges Sein von Beziehungen,	It turns into a placid being	
169	013	5	2	Die Psychologie enthält die Menge von	Die Psychologie enthält die Menge von	In psychology there is that mass	
170	013	8	2	Sie enthalten Bestimmtes ebensowohl als Allgemeines,	Sie enthalten Bestimmtes ebensowohl als Allgemeines,	They contain what is determinate no	
171	013	10	2	— Da um dieser Freyheit willen	— Da um dieser Freiheit willen	— Because actuality, for the sake	
172	014	2	2	An ihm selbst tritt also der	An ihm selbst tritt also der	At the individual itself, then, the	
173	014	4	1	Diſs Aeuſsere macht zuerst nicht als	Dies Äußere macht zuerst nicht als	In the first place, this outer	
174	014	5	1	Wenn nun die äuſsere Gestalt nur,	Wenn nun die äußere Gestalt nur,	Suppose now that the outer shape	
175	014	8	2	Wenn nemlich die Organe überhaupt darum	Wenn nämlich die Organe überhaupt darum	For if the organs in general	
176	014	10	1	An diesem Innern, welches in seiner	An diesem Innern, welches in seiner	In this inner, then, which remains	
177	014	11	4	Der Gegensatz, auf welchen diſs Beobachten	Der Gegensatz, auf welchen dies Beobachten	The opposition into which this observing	
178	014	12	9	Die Wissenschafft der Menschenkenntniſs, welche auf	Die Wissenschaft der Menschenkenntnis, welche auf	The science of acquaintance with human	
179	014	14	10	Er ist zwar darin nicht als	Er ist zwar darin nicht als	He is indeed not thereby posited	
180	014	15	6	In der noch zu betrachtenden Bestimmung	In der noch zu betrachtenden Bestimmung	In the determination still to be	
181	014	19	2	Die Nerven selbst sind zwar wieder	Die Nerven selbst sind zwar wieder	The nerves themselves are, to be	
182	014	20	7	— Es ist sich deſswegen auch	— Es ist sich deswegen auch	— For this reason one should	
183	014	21	7	— Indem aber auf die Seite	— Indem aber auf die Seite	— But since the determination of	
184	014	23	4	Die andre Seite der selbstbewuſsten Individividualität	Die andre Seite der selbstbewussten Individividualität	The other side of self-conscious individuality,	
185	014	26	2	Wie zum Beyspiel manche bey dem	Wie zum Beispiel manche bei dem	For instance, just as many people	
186	014	27	9	Die Beobachtungen, welche hierüber angestellt werden,	Die Beobachtungen, welche hierüber angestellt werden,	The observations that are set up	
187	014	29	1	Schreitet, ungeachtet der Gleichgültigkeit der beyden	Schreitet, ungeachtet der Gleichgültigkeit der beiden	Yet suppose the observer, heedless of	
188	014	31	3	Das Seyende ohne die geistige Thätigkeit	Das Seiende ohne die geistige Tätigkeit	What has being apart from spiritual	
189	014	32	6	— Wie von dem jüdischen Volke	— Wie von dem jüdischen Volke	— It is as with the	
190	014	34	3	Er an sich selbst nur ist	Er an sich selbst nur ist	Only in its own self is	
191	014	36	4	Indem der Gegenstand für das Bewuſstseyn	Indem der Gegenstand für das Bewusstsein	Since the object is for consciousness	
192	014	38	1	Gehirnfieber und dergleichen als das Seyn	Gehirnfieber und dergleichen als das Sein	Brain fever and the like, regarded	
193	015	1	1	Das Selbstbewuſstseyn fand das Ding als	Das Selbstbewusstsein fand das Ding als	Self-consciousness came upon the thing as	
194	015	3	1	Nehmen wir dieses Ziel, das der	Nehmen wir dieses Ziel, das der	Suppose we take up in its	
195	015	5	6	— Wie der Einzelne in seiner	— Wie der Einzelne in seiner	— Just as the single individual,	
196	015	8	1	Die Vernunft muſs aus diesem Glücke	Die Vernunft muss aus diesem Glücke	Reason must step out of this	
197	015	11	1	Wenn also die Wahrheit dieses vernünftigen	Wenn also die Wahrheit dieses vernünftigen	Since for us, then, the ethical	
198	015	13	2	Sein erster Zweck ist aber sein	Sein erster Zweck ist aber sein	Its first purpose, however, is the	
199	016	3	1	Es stürzt also ins Leben, und	Es stürzt also ins Leben, und	It therefore hurls itself into life	
200	016	5	2	Dieses Wesen ist nichts anders als	Dieses Wesen ist nichts anders als	This essence amounts to nothing other	
201	016	6	2	Diſs erscheint hiemit so, daſs das	Dies erscheint hiermit so, dass das	Thus the matter appears as though	
202	017	1	1	Was die Nothwendigkeit in Wahrheit am	Was die Notwendigkeit in Wahrheit am	Necessity, as it is in truth	
203	017	4	2	Sie ist hiemit nicht mehr der	Sie ist hiermit nicht mehr der	It is therefore no longer the	
204	017	6	6	— Durch seine That setzt es	— Durch seine Tat setzt es	— Through its deed the individual	
205	017	8	2	Dasjenige, worin es sich nicht erkennt,	Dasjenige, worin es sich nicht erkennt,	What it fails to cognize itself	
206	017	10	5	In dem Resultate des Erfahrens, das	In dem Resultate des Erfahrens, das	In the result of the experience	
207	017	12	2	Die bestehenden Gesetze werden gegen das	Die bestehenden Gesetze werden gegen das	When the subsisting laws are upheld	
208	018	1	1	In der ersten Gestalt der thätigen	In der ersten Gestalt der tätigen	Within the first shape that active	
209	018	2	4	Aber diese Befriedigung selbst so wie	Aber diese Befriedigung selbst so wie	But this satisfaction itself, and likewise	
210	018	4	3	Diese Bestimmtheit kann auch so betrachtet	Diese Bestimmtheit kann auch so betrachtet	This determinateness admits of being viewed	
211	018	6	7	Die beyden oben angegebenen Seiten, nach	Die beiden oben angegebenen Seiten, nach	The two sides specified above, on	
212	018	8	3	Das gute Ansich aber, ist es	Das gute Ansich aber, ist es	As for the good in-itself: if	
213	018	10	4	Die betrachtete aber ist aus der	Die betrachtete aber ist aus der	The virtue under consideration here, by	
214	018	13	1	Es ist also das Thun und	Es ist also das Tun und	And so the doing and driving	
215	019	1	5	Indem aber Zweck und Ansichseyn als	Indem aber Zweck und Ansichsein als	But now that purpose and being-in-itself	
216	020	1	1	Diese an sich reale Individualität ist	Diese an sich reale Individualität ist	This individuality real in itself is	
217	020	3	2	Für das Thun aber ist einestheils	Für das Tun aber ist einesteils	For doing, on one side, that	
218	020	5	6	Diſs Bewuſstseyn, indem es sich zum	Dies Bewusstsein, indem es sich zum	This consciousness, in resolving upon action,	
219	020	5	21	Dieser noch übrige Schein von Entgegensetzung	Dieser noch übrige Schein von Entgegensetzung	What still lingers of this semblance	
220	020	6	7	Die ursprüngliche Natur ist allein das	Die ursprüngliche Natur ist allein das	The original nature alone is the	
221	020	8	7	Es hat die ganze Natur der	Es hat die ganze Natur der	Along with everything else it has	
222	020	10	1	In diesem Grundwiderspruche des Werks, das	In diesem Grundwiderspruche des Werks, das	Within this basic contradiction of the	
223	020	12	2	Dem Bewuſstseyn ist also um der	Dem Bewusstsein ist also um der	For consciousness, then, on the strength	
224	020	14	3	Die Sache selbst hat in diesem	Die Sache selbst hat in diesem	Within this immediate consciousness of it,	
225	020	16	4	— Es ist endlich [et-]was ihm	— Es ist endlich [et-]was ihm	— Finally, if something interesting to	
226	020	19	4	Die Sache selbst ist als das	Die Sache selbst ist als das	The matter at hand is there	
227	020	20	6	Allein sie irren sich wieder; es	Allein sie irren sich wieder; es	But they are mistaken again; consciousness	
228	020	21	5	Das Bewuſstseyn erfährt, daſs keins jener	Das Bewusstsein erfährt, dass keins jener	Consciousness experiences that none of those	
229	021	2	2	Sein Gegenstand gilt ihm ebenso als	Sein Gegenstand gilt ihm ebenso als	For that consciousness its object is	
230	021	6	2	— Bey dieser als unbedingt ausgesprochnen	— Bei dieser als unbedingt ausgesprochnen	— With a duty pronounced in	
231	021	7	3	Die thätige Liebe, — denn eine	Die tätige Liebe, — denn eine	Love that is active, — since	
232	021	9	1	Was dem Gesetzgeben übrig bleibt, ist	Was dem Gesetzgeben übrig bleibt, ist	What law-giving is left with, then,	
233	022	1	9	Es werden Gesetze nicht mehr gegeben,	Es werden Gesetze nicht mehr gegeben,	Laws are no longer handed down	
234	022	3	4	Es gilt zugleich für das Meinige,	Es gilt zugleich für das Meinige,	It counts at the same time	
235	022	6	3	Jenes unmittelbare Gesetzgeben ist also der	Jenes unmittelbare Gesetzgeben ist also der	So that immediate law-giving is the	
236	022	9	2	Dadurch sind die Unterschiede an dem	Dadurch sind die Unterschiede an dem	In consequence the differences within the	
237	022	9	16	Sondern ob diese oder die entgegengesetzte	Sondern ob diese oder die entgegengesetzte	Whether this determination or its opposite	
238	023	1	1	Die Vernunft ist Geist, indem die	Die Vernunft ist Geist, indem die	Reason is spirit inasmuch as the	
239	023	2	3	Die Substanz und das allgemeine, sichselbstgleiche,	Die Substanz und das allgemeine, sichselbstgleiche,	The substance and the universal, self-equal,	
240	023	4	1	Der Geist ist das sittliche Leben	Der Geist ist das sittliche Leben	Spirit is the ethical life of	
241	024	1	3	Die Substanz tritt als allgemeines Wesen	Die Substanz tritt als allgemeines Wesen	The substance steps forth as universal	
242	025	1	4	Jede dieser Massen der Substanz bleibt	Jede dieser Massen der Substanz bleibt	Yet each of these masses of	
243	025	5	4	Dieses in diesem Elemente der Unmittelbarkeit	Dieses in diesem Elemente der Unmittelbarkeit	This moment, giving expression to ethical	
244	025	6	12	Die Handlung also, welche die ganze	Die Handlung also, welche die ganze	The action, then, that embraces the	
245	025	7	8	— Die Blutsverwandschafft ergänzt also die	— Die Blutsverwandtschaft ergänzt also die	— Blood-relationship, then, supplements the abstract	
246	025	10	1	Das Gemeinwesen, das obere und offenbar	Das Gemeinwesen, das obere und offenbar	The communal being, the upper law	
247	025	11	5	— Die Pietät des Mannes und	— Die Pietät des Mannes und	— The piety that man and	
248	025	12	11	Indem also in diſs Verhältniſs der	Indem also in dies Verhältnis der	Because singularity is thus mingled into	
249	025	15	3	Keins von beyden ist allein an	Keins von beiden ist allein an	Neither of the two exists alone	
250	025	17	4	— Die Gerechtigkeit aber, welche das	— Die Gerechtigkeit aber, welche das	— But the justice that brings	
251	025	18	6	Die Vereinigung des Mannes und des	Die Vereinigung des Mannes und des	What man and woman make up	
252	026	2	4	Es gibt daher nicht das schlechte	Es gibt daher nicht das schlechte	It therefore offers neither the sorry	
253	026	4	2	Für das Selbstbewuſstseyn als Bewuſstseyn hat	Für das Selbstbewusstsein als Bewusstsein hat	To self-consciousness qua consciousness, objective actuality	
254	026	5	4	Denn dieses, eben indem es sich	Denn dieses, eben indem es sich	For self-consciousness, precisely by being itself	
255	026	6	1	Die entwickelte Natur des wirklichen Handelns	Die entwickelte Natur des wirklichen Handelns	Ethical self-consciousness now comes to experience,	
256	026	7	5	Das sittliche Bewuſstseyn muſs sein Entgegengesetztes	Das sittliche Bewusstsein muss sein Entgegengesetztes	For the sake of this actuality,	
257	026	10	1	Werden beyde Mächte nach ihrem bestimmten	Werden beide Mächte nach ihrem bestimmten	If both powers are taken in	
258	026	11	4	Allein das Wirkliche, das dem Innerlichen	Allein das Wirkliche, das dem Innerlichen	But the actual, having taken honor	
259	026	12	7	Indem das Gemeinwesen sich nur durch	Indem das Gemeinwesen sich nur durch	Because the communal being gives itself	
260	026	12	17	— Wie vorhin nur Penaten im	— Wie vorhin nur Penaten im	— Just as before it was	
261	027	1	3	— Was in der Welt der	— Was in der Welt der	— What in the world of	
262	027	4	2	Jene geht in die skeptische Verwirrung	Jene geht in die skeptische Verwirrung	The former passes over into the	
263	027	5	3	Er ist Person; aber die einsame	Er ist Person; aber die einsame	A person he is; but the	
264	027	7	4	Sie besteht darin, daſs diſs allgemeine	Sie besteht darin, dass dies allgemeine	It consists in this: that the	
265	028	1	8	Diſs Thun und Werden aber, wodurch	Dies Tun und Werden aber, wodurch	This doing and becoming, though, by	
266	028	3	7	Wie nun die sittliche Welt aus	Wie nun die sittliche Welt aus	Just as the ethical world, out	
267	029	1	4	Diese Flucht aus dem Reiche der	Diese Flucht aus dem Reiche der	Such flight away from the realm	
268	030	2	6	Zweck und Inhalt aber desselben gehört	Zweck und Inhalt aber desselben gehört	The will's purpose and content, however,	
269	030	4	3	— Durch das Selbst als die	— Durch das Selbst als die	— By way of the self	
270	030	6	3	Das Andere dagegen ist das passive	Das Andere dagegen ist das passive	The other, by contrast, is spiritual	
271	030	8	2	— Es ist aber zugleich als	— Es ist aber zugleich als	— As spirit, though, it is	
272	030	9	6	— Das zweyte Ansich derselben zunächst,	— Das zweite Ansich derselben zunächst,	— To begin with, their second	
273	030	12	4	Die gleichfindende Beziehung des Bewuſstseyns ist	Die gleichfindende Beziehung des Bewusstseins ist	Accordingly, the relation of consciousness that	
274	030	15	4	Um dieser Trennung willen fällt auch	Um dieser Trennung willen fällt auch	On account of this separation the	
275	030	18	2	— Diſs Selbstbewuſstseyn gilt als ein	— Dies Selbstbewusstsein gilt als ein	— Such a self-consciousness is valid	
276	030	20	3	Dadurch daſs der abgeſchiedne innre Geiſt,	Dadurch dass der abgeschiedne innre Geist,	In that the sequestered inner spirit,	
277	030	22	4	Die geistige Substanz tritt als solche	Die geistige Substanz tritt als solche	The spiritual substance enters into existence	
278	030	24	2	— Der Heroismus des stummen Dienſtes	— Der Heroismus des stummen Dienstes	— The heroism of mute service	
279	030	25	4	An ihm wird die Staatsgewalt erſt	An ihm wird die Staatsgewalt erst	Only in the noble-minded consciousness does	
280	030	28	1	Der Reichthum hat an ihm selbst	Der Reichtum hat an ihm selbst	In wealth itself the moment of	
281	030	31	1	Wenn alſo von dem Reichthum diſs	Wenn also von dem Reichtum dies	If, then, this consciousness does get	
282	030	33	1	Wie das Selbstbewuſstseyn gegen die Staatsmacht	Wie das Selbstbewusstsein gegen die Staatsmacht	As self-consciousness had a language of	
283	030	34	3	— Die allgemeine Macht, welche die	— Die allgemeine Macht, welche die	— Universal power, being the substance,	
284	030	35	2	Dieſe Rede ist die Verrüktheit des	Diese Rede ist die Verrücktheit des	This discourse is the derangement of	
285	030	37	1	Ersetzt das einfache Bewuſstseyn diesen geistlosen	Ersetzt das einfache Bewusstsein diesen geistlosen	Suppose the simple consciousness puts in	
286	030	39	4	— Es weiſs also jedes Moment	— Es weiß also jedes Moment	— It thus knows how to	
287	031	1	4	Denn es tritt aus der Wirklichkeit	Denn es tritt aus der Wirklichkeit	For consciousness does step out of	
288	031	2	5	Sie ist alſo zwar nicht mehr	Sie ist also zwar nicht mehr	Religion is thus no longer the	
289	031	3	16	Wenn jene nicht aus dem Selbſtbewuſstseyn	Wenn jene nicht aus dem Selbstbewusstsein	While the former never steps out	
290	031	6	1	Sie nach der äuſſern Beſtimmung ihrer	Sie nach der äußern Bestimmung ihrer	To name them briefly according to	
291	031	9	1	In der reinen Einsicht aber ist	In der reinen Einsicht aber ist	In pure insight, on the other	
292	031	11	11	In diesem unendlichen Urtheile ist alle	In diesem unendlichen Urteile ist alle	This infinite judgment wipes out all	
293	032	3	1	Sie wird durch diſs eiufache Mittel	Sie wird durch dies einfache Mittel	By this simple means it will	
294	033	1	3	— Dem Glauben kommt, wie beyde	— Dem Glauben kommt, wie beide	— In the manner in which	
295	033	4	1	Die Beziehung der reinen Einsicht auf	Die Beziehung der reinen Einsicht auf	Pure insight's relation to the ingenuous	
296	033	5	11	Baradautz! der Götze liegt am Boden.“	Baradautz! der Götze liegt am Boden.“	Baradautz! the idol lies on the	
297	033	8	8	Als reine Einsicht ist sie ohne	Als reine Einsicht ist sie ohne	Taken as pure insight it has	
298	033	9	8	— Ferner indem dasjenige mir Gegenſtand	— Ferner indem dasjenige mir Gegenstand	— Furthermore, when what is an	
299	033	10	5	Sie sagt unmittelbar das, was sie	Sie sagt unmittelbar das, was sie	What it declares to be alien	
300	033	12	6	Dieſer ihr Gegenſtand erſcheint ihr an	Dieser ihr Gegenstand erscheint ihr an	This object of its own shows	
301	033	14	7	In ihrer Verwirklichung alſo begriffen, entwickelt	In ihrer Verwirklichung also begriffen, entwickelt	Engaged, then, in its own actualization,	
302	033	16	1	Hienach ſehen wir in Anfehung der	Hiernach sehen wir in Ansehung der	In view of purposiveness, accordingly, we	
303	033	17	6	Welches iſt die Wahrheit, welche die	Welches ist die Wahrheit, welche die	What truth has the Enlightenment spread	
304	033	19	1	Das dritte Moment der Wahrheit der	Das dritte Moment der Wahrheit der	The third moment of the Enlightenment's	
305	033	20	5	— Er muſs auch vom Baume	— Er muss auch vom Baume	— He must have picked from	
306	033	23	1	Der Glauben hat das göttliche Recht,	Der Glauben hat das göttliche Recht,	Against the Enlightenment faith possesses divine	
307	033	25	5	Sie bringt daher nicht die Einheit	Sie bringt daher nicht die Einheit	It therefore does not bring forth	
308	033	26	6	— Umgekehrt aber ſagt die reine	— Umgekehrt aber sagt die reine	— Conversely, though, pure insight says	
309	033	29	1	Endlich findet sie in ihrer Ansicht	Endlich findet sie in ihrer Ansicht	Finally, in its view of the	
310	033	32	1	Die Aufklärung hat alſo über den	Die Aufklärung hat also über den	The Enlightenment therefore has an irresistible	
311	033	33	7	Sie ſelbſt hat dieſen Makel des	Sie selbst hat diesen Makel des	The Enlightenment itself bears this blemish	
312	034	1	10	Indem er dieſe Einheit nicht erkennt,	Indem er diese Einheit nicht erkennt,	Failing to cognize this unity, it	
313	034	5	3	Beydes ist, wie wir geſehen, ſchlechthin	Beides ist, wie wir gesehen, schlechthin	As we have seen, the two	
314	034	6	3	Diese einfache achsendrehende Bewegung muſs sich	Diese einfache achsendrehende Bewegung muss sich	This simple movement rotating on its	
315	034	7	10	Die reine Einsicht hat alſo an	Die reine Einsicht hat also an	So in the useful pure insight	
316	034	8	13	Das Nützliche ist der Gegenſtand, inſofern	Das Nützliche ist der Gegenstand, insofern	The useful is that object, insofar	
317	035	2	4	Der Gegenſtand iſt aber für das	Der Gegenstand ist aber für das	For consciousness, though, the object has	
318	035	4	4	Er tritt ſo in die Exiſtenz,	Er tritt so in die Existenz,	It steps into existence in this	
319	035	7	4	Diſs Andersſeyn wäre der Unterſchied an	Dies Anderssein wäre der Unterschied an	This otherness would be the difference	
320	035	9	4	Nachdem ſie mit der Vertilgung der	Nachdem sie mit der Vertilgung der	Having finished off the real organization	
321	035	11	3	Als dieſes iſt ſie ſich der	Als dieses ist sie sich der	As this it is its own	
322	035	13	4	Die Bildung, die es in der	Die Bildung, die es in der	The culture it gains through interaction	
323	035	13	11	Es verliert darin nicht sich selbst,	Es verliert darin nicht sich selbst,	In this it does not lose	
324	036	1	5	Es ist nemlich über den Gegensatz	Es ist nämlich über den Gegensatz	For it has made itself master	
325	037	1	2	So aber in sich selbſt beschloſſen	So aber in sich selbst beschlossen	Sealed up within itself in this	
326	037	4	1	Das moralische Bewuſstſeyn kann nicht auf	Das moralische Bewusstsein kann nicht auf	Happiness is something moral consciousness cannot	
327	037	5	2	Die Natur ist nemlich nicht nur	Die Natur ist nämlich nicht nur	For nature is not just this	
328	037	5	15	In der Harmonie aber verſchwindet die	In der Harmonie aber verschwindet die	Within the harmony, on the other	
329	037	7	4	Zugleich aber durch den Begriff des	Zugleich aber durch den Begriff des	Yet since they are necessary through	
330	037	10	1	Weil es hiemit geſetzt iſt, daſs	Weil es hiermit gesetzt ist, dass	Since it is hereby posited that	
331	037	13	4	Daher iſt ihm der Gegenſtand ſeines	Daher ist ihm der Gegenstand seines	The object belonging to its actual	
332	037	17	1	In diesem Ziele der ſynthetischen Einheit	In diesem Ziele der synthetischen Einheit	Within this goal, which is the	
333	038	2	3	Zugleich ist es sich seines Widerſpruches	Zugleich ist es sich seines Widerspruches	At the same time it is	
334	038	4	2	Aber in der That iſt die	Aber in der Tat ist die	But in fact the actual action	
335	038	6	2	Es geht davon aus, daſs für	Es geht davon aus, dass für	It starts out from the claim	
336	038	7	14	Die Harmonie beyder ist also nur	Die Harmonie beider ist also nur	The harmony of the two is	
337	038	9	4	— Die Nichtmoralität ſpricht eben hierin	— Die Nichtmoralität spricht eben hierin	— In just this, non-morality declares	
338	038	11	8	Es weiſs aber nur die reine	Es weiß aber nur die reine	But it knows pure duty alone	
339	038	14	1	In diesem rein moralischen Wesen aber	In diesem rein moralischen Wesen aber	Within this purely moral essence, though,	
340	038	16	3	Das Bewuſstseyn, das diesen Unterschied macht,	Das Bewusstsein, das diesen Unterschied macht,	The consciousness that draws this difference	
341	039	1	2	Diese sich selbst widersprechende Vorstellung nahm	Diese sich selbst widersprechende Vorstellung nahm	Moral self-consciousness did not take this	
342	039	2	9	Als Gewiſſen erst hat es in	Als Gewissen erst hat es in	Only as conscience does it possess,	
343	039	4	8	Das Gewiſſen ist vielmehr das negative	Das Gewissen ist vielmehr das negative	Conscience is instead that negative One,	
344	039	7	1	Diſs in seiner Einheit und in	Dies in seiner Einheit und in	Looked at more closely in its	
345	039	9	5	Sein Anſich ist ihm entweder das	Sein Ansich ist ihm entweder das	Its in-itself is for it either	
346	039	11	1	Das Gewiſſen in Beziehung auf die	Das Gewissen in Beziehung auf die	If we consider conscience with respect	
347	039	12	9	Dieſe ist als Beſtimmung und Inhalt	Diese ist als Bestimmung und Inhalt	This certainty, in the role of	
348	039	13	8	Die Feigheit darf aber nicht ſo	Die Feigheit darf aber nicht so	Cowardice, though, dare not be so	
349	039	14	7	Sondern vielmehr was der Einzelne für	Sondern vielmehr was der Einzelne für	On the contrary, what the singular	
350	039	17	1	Darin aber, daſs diſs Rechte, was	Darin aber, dass dies Rechte, was	But an inequality seems to attach	
351	039	19	5	Was da ſeyn ſoll, iſt hier	Was da sein soll, ist hier	What is to be there counts	
352	039	22	8	— Die Handlung verwirklichen heiſst hier	— Die Handlung verwirklichen heißt hier	— To actualize the action means	
353	039	24	2	Sie iſt ebenſo der Gottesdienſt in	Sie ist ebenso der Gottesdienst in	It is likewise worship carried on	
354	039	26	2	Es verſinkt in dieſem Begriffe seiner	Es versinkt in diesem Begriffe seiner	Within this concept of its own	
355	039	27	10	Der hohle Gegenſtand, den es ſich	Der hohle Gegenstand, den es sich	The hollow object that it produces	
356	039	29	2	— Seine Beſonderheit beſteht darin, daſs	— Seine Besonderheit besteht darin, dass	— Its particularity lies in this:	
357	039	31	5	Denn wäre diſs Geſetz und Gewiſſen	Denn wäre dies Gesetz und Gewissen	For were such a law and	
358	039	34	1	Das Urtheilen iſt aber auch als	Das Urteilen ist aber auch als	But judging must also be regarded	
359	039	34	11	So gibt es für das Beurtheilen	So gibt es für das Beurteilen	So too, for judging there exists	
360	039	36	7	Das Andre aber behält an ihm	Das Andre aber behält an ihm	The other, however, holds in reserve	
361	039	38	4	Das verwirklichende Selbſt, die Form seiner	Das verwirklichende Selbst, die Form seiner	The self that actualizes, the form	
362	039	40	6	— Beyde ihrer selbst gewiſſen Geiſter	— Beide ihrer selbst gewissen Geister	— Neither of these two spirits	
363	040	1	1	In den bisherigen Geſtaltungen, die sich	In den bisherigen Gestaltungen, die sich	Among the formations dealt with hitherto,	
364	040	4	1	Dieſer Glauben an das Nichts der	Dieser Glauben an das Nichts der	Such faith in the nullity of	
365	040	7	2	Wie wir nun es wiſſen, daſs	Wie wir nun es wissen, dass	Now just as we know that	
366	040	8	9	Jedes jener Momente ſahen wir nemlich	Jedes jener Momente sahen wir nämlich	For we saw each of those	
367	040	10	2	— In der betrachteten Reihe bildete	— In der betrachteten Reihe bildete	— Within the series we considered,	
368	040	11	4	Diſs Seyn ist zwar weder mit	Dies Sein ist zwar weder mit	This being, to be sure, is	
369	041	1	1	Der den Geist wiſſende Geist ist	Der den Geist wissende Geist ist	Spirit that has knowledge of spirit	
370	041	1	13	— Durch diese Thätigkeit ist die	— Durch diese Tätigkeit ist die	— By this activity the lower	
371	042	1	3	— Es ist das reine Ich,	— Es ist das reine Ich,	— It is the pure I	
372	042	4	4	Das reine Licht wirft seine Einfachheit	Das reine Licht wirft seine Einfachheit	Pure light casts its simplicity apart	
373	043	2	4	Das Bewuſstseyn des Geistes ist also	Das Bewusstsein des Geistes ist also	From now on, then, the consciousness	
374	044	3	4	Indem das Werk in seinen Seiten	Indem das Werk in seinen Seiten	When the work approaches itself in	
375	044	5	6	Das Werk daher, wenn es sich	Das Werk daher, wenn es sich	The work, then, even where it	
376	045	1	1	Der Geist hat seine Gestalt, in	Der Geist hat seine Gestalt, in	Spirit has lifted the shape in	
377	045	3	4	Aber jenes ruhige unmittelbare Vertrauen zur	Aber jenes ruhige unmittelbare Vertrauen zur	But that calm immediate trust in	
378	045	6	1	Die Exiſtenz des reinen Begriffs, in	Die Existenz des reinen Begriffs, in	The existence of the pure concept,	
379	046	3	2	Die menschliche Gestalt ſtreifft das thierische.	Die menschliche Gestalt streift das tierische.	Human shape sheds the animal element	
380	046	4	5	Das gemeine an dem Kunſtwerke, daſs	Das gemeine an dem Kunstwerke, dass	The ordinary feature of the work	
381	046	6	7	Sie behält die Einzelnheit des Selbſtbewuſstseyns	Sie behält die Einzelnheit des Selbstbewusstseins	The hymn retains within itself the	
382	046	8	4	Wie, jener Weiſe des Alterthums, was	Wie, jener Weise des Altertums, was	Just as that ancient sage looked	
383	046	11	2	Dieſe Andacht iſt die unmittelbare reine	Diese Andacht ist die unmittelbare reine	Such devotion is the self's immediate,	
384	046	14	2	Er thut hierin vor dem Weſen	Er tut hierin vor dem Wesen	In doing this he gives up,	
385	046	15	3	— Es wird dadurch theils die	— Es wird dadurch teils die	— In part this sublates the	
386	047	1	6	Weil das Weſen alſo hier das	Weil das Wesen also hier das	Since the essence here has the	
387	047	4	1	Was hiemit durch den Cultus dem	Was hiermit durch den Kultus dem	What has thereby been revealed through	
388	047	6	6	Wenn jeder einzelne wenigſtens als Fackelträger	Wenn jeder einzelne wenigstens als Fackelträger	While each singular individual knows how	
389	048	1	2	Die reine Anſchauung seiner ſelbſt als	Die reine Anschauung seiner selbst als	Within the actuality that a people's	
390	048	3	6	Er ist das in seinem Inhalte	Er ist das in seinem Inhalte	He is the organ that disappears	
391	048	4	13	Wenn ihre elementarischen Naturen durch das	Wenn ihre elementarischen Naturen durch das	Although only individuality's free self brings	
392	048	6	2	Der Inhalt der Welt der Vorstellung	Der Inhalt der Welt der Vorstellung	Loosed and on its own, the	
393	048	8	2	Es ist das gemeine Volk überhaupt,	Es ist das gemeine Volk überhaupt,	It is the common people at	
394	048	10	3	Wenn also die sittliche Substanz sich	Wenn also die sittliche Substanz sich	If, then, the ethical substance split	
395	048	11	10	Daher das Bewuſstseyn, das reiner iſt,	Daher das Bewusstsein, das reiner ist,	This is why a consciousness purer	
396	048	14	3	Die Raserey der Prieſterin, die unmenschliche	Die Raserei der Priesterin, die unmenschliche	The priestess's raving, the witches' unhuman	
397	048	15	4	Die weiter aus dem Begriffe in	Die weiter aus dem Begriffe in	Those moments, by contrast, which scatter	
398	048	18	5	Das Aufspreitzen der allgemeinen Wesenheit iſt	Das Aufspreizen der allgemeinen Wesenheit ist	The preening of universal essentiality has	
399	048	20	3	Indem die zufällige Beſtimmung und oberflächliche	Indem die zufällige Bestimmung und oberflächliche	As that contingent determination, and that	
400	049	1	1	Durch die Religion der Kunſt iſt	Durch die Religion der Kunst ist	By way of the religion of	
401	049	2	5	Es wird hiedurch erreicht, daſs, wenn	Es wird hierdurch erreicht, dass, wenn	The upshot attained is this: given	
402	049	6	2	Sowohl der Selbſtwerth seiner unmittelbaren Persönlichkeit,	Sowohl der Selbstwert seiner unmittelbaren Persönlichkeit,	Gone for it is the self-worth	
403	049	7	2	— Der Kreis der Hervorbringungen der	— Der Kreis der Hervorbringungen der	— Art's productions form a circle	
404	049	9	2	Denn alsdann ist alles Daſeyn nur	Denn alsdann ist alles Dasein nur	For then every existence counts as	
405	049	11	2	So iſt es nicht Einbildung, ſondern	So ist es nicht Einbildung, sondern	So understood, it is no imagining;	
406	049	12	13	— Indem sie gewuſst werden, ist	— Indem sie gewusst werden, ist	— So long as they are	
407	049	14	4	Gott iſt alſo hier offenbar, wie	Gott ist also hier offenbar, wie	Here, then, God stands revealed as	
408	049	16	4	— Denn als solches, das ihn	— Denn als solches, das ihn	— For so long as it	
409	049	19	6	Dieſer Zurückführung liegt der Instinct zu	Dieser Zurückführung liegt der Instinct zu	Underlying such tracing back is the	
410	049	22	1	Der Geist zuerst als Subſtanz im	Der Geist zuerst als Substanz im	Represented at first as substance within	
411	049	24	4	Indem es ſo im Denken ſelbſt	Indem es so im Denken selbst	Since it relates itself representationally in	
412	049	27	1	Der alſo nur ewige oder abstracte	Der also nur ewige oder abstrakte	Spirit, then, being merely eternal or	
413	049	29	2	Zugleich aber ist um eben dieſer	Zugleich aber ist um eben dieser	At the same time, though, and	
414	049	30	2	Indem ihr Gegenſatz ſich noch nicht	Indem ihr Gegensatz sich noch nicht	Since their opposition remains undissolved, and	
415	049	32	5	Es wird diſs als ein freiwilliges	Es wird dies als ein freiwilliges	This is represented as a voluntary	
416	049	33	8	— Wenn dieſe Verſöhnung nach ihrem	— Wenn diese Versöhnung nach ihrem	— If this reconciliation is expressed	
417	049	33	17	— Dieſe geiſtige Einheit oder die	— Diese geistige Einheit oder die	— What has come to be	
418	049	36	1	Wenn also in dem vorstellenden Bewuſstſeyn	Wenn also in dem vorstellenden Bewusstsein	If, then, within representing consciousness the	
419	049	38	2	Das zunächst vorhergehende Element des Vorſtellens	Das zunächst vorhergehende Element des Vorstellens	The element of representing that immediately	
420	049	39	4	Wie uns der Begriff des Geistes	Wie uns der Begriff des Geistes	Just as the concept of spirit	
421	049	40	9	Seine eigne Versöhnung tritt daher als	Seine eigne Versöhnung tritt daher als	Reconciliation of its own therefore enters	
422	050	1	1	Der Geiſt der offenbaren Religion hat	Der Geist der offenbaren Religion hat	Revealed religion's spirit has not yet	
423	050	2	2	Er iſt, als Ganzes, der Schluſs	Er ist, als Ganzes, der Schluss	As a whole it is the	
424	050	4	3	Die Dinge ſind schlechthin nützlich, und	Die Dinge sind schlechthin nützlich, und	Things are simply useful, and are	
425	050	6	7	Die Wirklichkeit hat also hier für	Die Wirklichkeit hat also hier für	Thus for self-consciousness actuality, taken as	
426	050	8	6	Sie iſt nemlich sein Wiſſen von	Sie ist nämlich sein Wissen von	For the beautiful soul is spirit's	
427	050	9	11	Diſs Ablaſſen ist daſſelbe Verzichtthun auf	Dies Ablassen ist dasselbe Verzichttun auf	That giving-up is the very renunciation	
428	050	11	5	Dadurch iſt dasjenige zum Elemente des	Dadurch ist dasjenige zum Elemente des	Thereby what has turned into the	
429	050	14	6	Zuerſt gehören dem Selbſtbewuſstſeyn daher von	Zuerst gehören dem Selbstbewusstsein daher von	So to begin with, what belongs	
430	050	15	8	— Eh daher der Geist nicht	— Ehe daher der Geist nicht	— Hence spirit cannot reach completion	
431	050	16	8	— Oder Ich ist nicht nur	— Oder Ich ist nicht nur	— Or: the I is not	
432	050	18	2	Er hat das reine Element seines	Er hat das reine Element seines	It has attained the concept, the	
433	050	20	1	Doch ist diese Entäuſſerung noch unvollkommen;	Doch ist diese Entäußerung noch unvollkommen;	Still, this externalization remains incomplete; what	
434	050	21	2	Diſs Werden ſtellt eine träge Bewegung	Dies Werden stellt eine träge Bewegung	What this becoming presents is a	
