surface	result	count	source	certainty	note
daß	dass	2196	hegel1	sure	
seyn	sein	802	hegel1+cab	sure	
Seyn	Sein	785	hegel1+cab	sure	
diß	dies	725	manual	sure	
Daseyn	Dasein	435	hegel1+cab	sure	
Verhältniß	Verhältnis	425	hegel1+cab	sure	
sey	sei	417	hegel1+cab	sure	
Gesetztseyn	Gesetztsein	333	hegel1+cab	sure	
nemlich	nämlich	317	hegel1+cab	sure	
bey	bei	289	hegel1+cab	sure	
äusserliche	äußerliche	287	hegel1+cab	sure	ß beibehalten (Langvokal angenommen)
Aeusserlichkeit	Äußerlichkeit	271	hegel1+cab	sure	ß beibehalten (Langvokal angenommen)
beyden	beiden	248	hegel1+cab	sure	
Seyns	Seins	248	hegel1+cab	sure	
Subject	Subjekt	232	hegel1+cab	sure	
Urtheil	Urteil	226	hegel1+cab	sure	
Diß	Dies	220	manual	sure	
abstracte	abstrakte	218	hegel1+cab	sure	
muß	muss	215	hegel1	sure	
Objectivität	Objektivität	197	hegel1+cab	sure	
äusserlich	äußerlich	193	hegel1+cab	sure	ß beibehalten (Langvokal angenommen)
Nothwendigkeit	Notwendigkeit	183	hegel1+cab	sure	
hiemit	hiermit	172	hegel1+cab	sure	
Prädicat	Prädikat	167	hegel1+cab	sure	
ausser	außer	162	hegel1+cab	sure	ß beibehalten (Langvokal angenommen)
zwey	zwei	158	hegel1+cab	sure	
Schluß	Schluss	158	hegel1	sure	
Object	Objekt	153	hegel1+cab	sure	
seyende	seiende	152	hegel1+cab	sure	
Ansichseyn	Ansichsein	151	hegel1+cab	sure	
äusserlichen	äußerlichen	140	hegel1+cab	sure	ß beibehalten (Langvokal angenommen)
Bewußtseyn	Bewusstsein	131	hegel1	sure	
theils	teils	128	hegel1+cab	sure	
reflectirte	reflektierte	128	hegel1+cab	sure	
Daseyns	Daseins	127	hegel1+cab	sure	
That	Tat	124	hegel1+cab	sure	
Princip	Prinzip	123	hegel1+cab	sure	
beyde	beide	121	hegel1+cab	sure	
Andersseyn	Anderssein	120	hegel1+cab	sure	
Abstraction	Abstraktion	117	hegel1+cab	sure	
abstracten	abstrakten	113	hegel1+cab	sure	
Nichtseyn	Nichtsein	112	hegel1+cab	sure	
objective	objektive	111	cab	cab	
Urtheils	Urteils	109	hegel1+cab	sure	
Fürsichseyn	Fürsichsein	107	hegel1+cab	sure	
Function	Funktion	105	cab	cab	
Thätigkeit	Tätigkeit	104	hegel1+cab	sure	
Objecte	Objekte	100	cab	cab	
beyder	beider	99	hegel1+cab	sure	
Theile	Teile	98	hegel1+cab	sure	
Continuität	Kontinuität	95	hegel1+cab	sure	
subjective	subjektive	93	cab	cab	
zweytens	zweitens	88	hegel1+cab	sure	
Uebergang	Übergang	88	hegel1+cab	sure	
Uebergehen	Übergehen	88	hegel1+cab	sure	
Urtheile	Urteile	88	hegel1+cab	sure	
äusserliches	äußerliches	87	hegel1	sure	ß beibehalten (Langvokal angenommen)
Maaß	Maß	85	cab	cab	ß beibehalten (Langvokal angenommen)
läßt	lässt	84	hegel1	sure	
Gegentheil	Gegenteil	83	hegel1+cab	sure	
Grösse	Größe	83	hegel1+cab	sure	ß beibehalten (Langvokal angenommen)
zweyte	zweite	76	hegel1+cab	sure	
äussere	äußere	75	hegel1+cab	sure	ß beibehalten (Langvokal angenommen)
Theil	Teil	75	hegel1+cab	sure	
Mannichfaltigkeit	Mannigfaltigkeit	75	hegel1+cab	sure	
seyen	seien	73	hegel1+cab	sure	
concreten	konkreten	72	hegel1+cab	sure	
subjectiven	subjektiven	72	cab	cab	
Subjects	Subjekts	72	hegel1+cab	sure	
concrete	konkrete	72	hegel1+cab	sure	
objectiven	objektiven	71	cab	cab	
reflectirt	reflektiert	69	hegel1+cab	sure	
äussern	äußern	64	hegel1	sure	ß beibehalten (Langvokal angenommen)
Causalität	Kausalität	64	cab	cab	
Erkenntniß	Erkenntnis	63	hegel1+cab	sure	
dabey	dabei	62	hegel1+cab	sure	
thun	tun	61	hegel1+cab	sure	
Thun	Tun	61	hegel1+cab	sure	
Werth	Wert	61	hegel1+cab	sure	
blosse	bloße	60	hegel1+cab	sure	ß beibehalten (Langvokal angenommen)
abstract	abstrakt	59	hegel1+cab	sure	
Subjectivität	Subjektivität	58	hegel1+cab	sure	
nothwendig	notwendig	57	hegel1+cab	sure	
Daß	Dass	56	hegel1	sure	
Objects	Objekts	54	hegel1+cab	sure	
Attraction	Attraktion	54	hegel1+cab	sure	
Freyheit	Freiheit	53	hegel1+cab	sure	
Theilen	Teilen	53	hegel1+cab	sure	
zweyten	zweiten	51	hegel1+cab	sure	
gefaßt	gefasst	51	hegel1	sure	
vornemlich	vornehmlich	49	hegel1+cab	sure	
Bewußtseyns	Bewusstseins	49	hegel1	sure	
Product	Produkt	49	hegel1+cab	sure	
Proceß	Prozess	49	manual	sure	
Subjecte	Subjekte	47	hegel1+cab	sure	
beym	beim	47	hegel1+cab	sure	
Functionen	Funktionen	47	hegel1+cab	sure	
Maaßes	Maßes	47	cab	cab	ß beibehalten (Langvokal angenommen)
deßwegen	deswegen	45	hegel1+cab	sure	
Zweytens	Zweitens	45	cab	cab	
specifische	spezifische	45	hegel1+cab	sure	
Verhältniße	Verhältnisse	42	hegel1+cab	sure	
Prädicate	Prädikate	42	hegel1+cab	sure	
Bestimmtseyn	Bestimmtsein	41	hegel1+cab	sure	
Curve	Kurve	41	cab	cab	
Maaße	Masse	40	cab	cab	
Bey	Bei	39	hegel1+cab	sure	
seyenden	seienden	38	hegel1+cab	sure	
ausserhalb	außerhalb	38	hegel1+cab	sure	ß beibehalten (Langvokal angenommen)
negirt	negiert	37	hegel1+cab	sure	
abstrahirt	abstrahiert	37	hegel1+cab	sure	
seyendes	seiendes	37	hegel1+cab	sure	
specifischen	spezifischen	37	hegel1+cab	sure	
eigenthümliche	eigentümliche	36	hegel1+cab	sure	
Beyspiel	Beispiel	36	hegel1+cab	sure	
subjectives	subjektives	36	cab	cab	
drey	drei	35	hegel1+cab	sure	
Concrete	Konkrete	35	hegel1+cab	sure	
freye	freie	34	hegel1+cab	sure	
freylich	freilich	34	hegel1+cab	sure	
Eintheilung	Einteilung	34	hegel1+cab	sure	
hiedurch	hierdurch	34	hegel1+cab	sure	
mannichfaltigen	mannigfaltigen	34	hegel1+cab	sure	
Foderung	Forderung	33	hegel1+cab	sure	
Prädicats	Prädikats	33	hegel1+cab	sure	
müßte	müsste	32	hegel1	sure	
ausschliessende	ausschließende	32	hegel1+cab	sure	ß beibehalten (Langvokal angenommen)
äusserlicher	äußerlicher	32	cab	cab	ß beibehalten (Langvokal angenommen)
Gesetztseyns	Gesetztseins	32	cab	cab	
beydes	beides	31	hegel1+cab	sure	
Nahmen	Namen	31	hegel1+cab	sure	
blossen	bloßen	31	hegel1+cab	sure	ß beibehalten (Langvokal angenommen)
existirt	existiert	31	hegel1+cab	sure	
Principien	Prinzipien	30	hegel1+cab	sure	
Stuffe	Stufe	30	hegel1+cab	sure	
Bedürfniß	Bedürfnis	29	hegel1+cab	sure	
Copula	Kopula	29	cab	cab	
frey	frei	28	hegel1+cab	sure	
Concreten	Konkreten	28	hegel1+cab	sure	
reflectirten	reflektierten	28	hegel1+cab	sure	
Beyspiele	Beispiele	27	hegel1+cab	sure	
Andersseyns	Andersseins	27	hegel1+cab	sure	
Grössen	Größen	27	hegel1+cab	sure	ß beibehalten (Langvokal angenommen)
Aeusserung	Äußerung	26	hegel1+cab	sure	ß beibehalten (Langvokal angenommen)
aufgefaßt	aufgefasst	26	hegel1	sure	
seyend	seiend	26	hegel1+cab	sure	
Insichseyn	Insichsein	26	hegel1	sure	
Ansichseyns	Ansichseins	26	hegel1+cab	sure	
Rükkehr	Rückkehr	26	hegel1+cab	sure	
betrift	betrifft	25	hegel1+cab	sure	
eigenthümlichen	eigentümlichen	25	hegel1+cab	sure	
Fürsichseyns	Fürsichseins	25	hegel1+cab	sure	
Aeusserliche	Äußerliche	24	hegel1+cab	sure	ß beibehalten (Langvokal angenommen)
subsumirt	subsumiert	23	hegel1+cab	sure	
nothwendige	notwendige	23	hegel1+cab	sure	
aussen	außen	23	hegel1+cab	sure	ß beibehalten (Langvokal angenommen)
abstractes	abstraktes	23	hegel1+cab	sure	
Discretion	Diskretion	23	hegel1+cab	sure	
Abscisse	Abszisse	23	cab	cab	
Gewißheit	Gewissheit	22	hegel1	sure	
Negiren	Negieren	22	hegel1+cab	sure	
continuirt	kontinuiert	22	cab	cab	
hiebey	hierbei	21	hegel1+cab	sure	
Aufgehobenseyn	Aufgehobensein	21	hegel1+cab	sure	
speculative	spekulative	20	hegel1+cab	sure	
Uebereinstimmung	Übereinstimmung	20	hegel1+cab	sure	
Aussen	Außen	20	hegel1+cab	sure	ß beibehalten (Langvokal angenommen)
Thaler	Taler	20	cab	cab	
Seyende	Seiende	20	hegel1+cab	sure	
Accidenzen	Akzidenzen	20	hegel1+cab	sure	
Realisirung	Realisierung	19	hegel1+cab	sure	
Dreyecks	Dreiecks	19	hegel1+cab	sure	
Producte	Produkte	19	cab	cab	
Beyde	Beide	19	hegel1+cab	sure	
realisirt	realisiert	19	hegel1+cab	sure	
Dreyeck	Dreieck	19	hegel1+cab	sure	
Abstossen	Abstoßen	19	hegel1+cab	sure	ß beibehalten (Langvokal angenommen)
Zweckmässigkeit	Zweckmäßigkeit	19	hegel1	sure	ß beibehalten (Langvokal angenommen)
wobey	wobei	18	hegel1+cab	sure	
subjectiver	subjektiver	18	cab	cab	
Nichtseyns	Nichtseins	18	hegel1+cab	sure	
reducirt	reduziert	18	hegel1+cab	sure	
nöthig	nötig	18	hegel1+cab	sure	
directe	direkte	18	cab	cab	
Accidentalität	Akzidentalität	18	hegel1+cab	sure	
Selbstbewußtseyn	Selbstbewusstsein	17	hegel1	sure	
befreyt	befreit	17	hegel1+cab	sure	
Abstractionen	Abstraktionen	17	hegel1+cab	sure	
Aeussere	Äußere	17	hegel1+cab	sure	ß beibehalten (Langvokal angenommen)
reflectirende	reflektierende	17	hegel1+cab	sure	
existirende	existierende	17	hegel1+cab	sure	
Urtheilen	Urteilen	17	hegel1+cab	sure	
Concretes	Konkretes	17	hegel1+cab	sure	
gemeynt	gemeint	17	hegel1+cab	sure	
Finsterniß	Finsternis	17	hegel1+cab	sure	
continuirliche	kontinuierliche	17	cab	cab	
Potenzenverhältniß	Potenzenverhältnis	17	cab	cab	
Verhältnißes	Verhältnisses	17	hegel1	sure	
blosses	bloßes	17	hegel1+cab	sure	ß beibehalten (Langvokal angenommen)
sollicitirt	sollizitiert	17	hegel1+cab	sure	
manifestirt	manifestiert	17	cab	cab	
Mittheilung	Mitteilung	17	hegel1+cab	sure	
freyen	freien	16	hegel1+cab	sure	
Consequenz	Konsequenz	16	hegel1+cab	sure	
thut	tut	16	hegel1+cab	sure	
Meynung	Meinung	16	hegel1+cab	sure	
Aeusserliches	Äußerliches	16	hegel1+cab	sure	ß beibehalten (Langvokal angenommen)
hieher	hierher	16	hegel1+cab	sure	
ansichseyende	ansichseiende	16	hegel1+cab	sure	
Processes	Prozesses	16	hegel1+cab	sure	
Factoren	Faktoren	16	hegel1+cab	sure	
Bestimmtseyns	Bestimmtseins	16	cab	cab	
Untheilbaren	Unteilbaren	16	manual	sure	
Existirende	Existierende	16	cab	cab	
mannichfaltige	mannigfaltige	16	hegel1+cab	sure	
nothwendigen	notwendigen	15	hegel1+cab	sure	
Objecten	Objekten	15	cab	cab	
Willkühr	Willkür	15	hegel1+cab	sure	
Eigenthümlichkeit	Eigentümlichkeit	15	hegel1+cab	sure	
Werthe	Werte	15	hegel1+cab	sure	
Objective	Objektive	15	cab	cab	
anderntheils	andernteils	15	hegel1+cab	sure	
Potenzirung	Potenzierung	15	hegel1	sure	
directen	direkten	15	cab	cab	
disjunctiven	disjunktiven	15	cab	cab	
Ueber	Über	14	hegel1+cab	sure	
Nothwendige	Notwendige	14	hegel1+cab	sure	
subjectiv	subjektiv	14	cab	cab	
Rüksicht	Rücksicht	14	cab	cab	
Selbstbewußtseyns	Selbstbewusstseins	14	hegel1	sure	
Tavtologie	Tautologie	14	hegel1+cab	sure	
zweyer	zweier	14	hegel1+cab	sure	
Hiemit	Hiermit	14	hegel1+cab	sure	
Construction	Konstruktion	14	hegel1+cab	sure	
Induction	Induktion	14	cab	cab	
Processe	Prozesse	14	hegel1+cab	sure	
Begreiffen	Begreifen	14	hegel1+cab	sure	
Mannichfaltige	Mannigfaltige	14	cab	cab	
Princips	Prinzips	13	hegel1+cab	sure	
concret	konkret	13	cab	cab	
hievon	hiervon	13	hegel1+cab	sure	
verlohren	verloren	13	hegel1+cab	sure	
isolirt	isoliert	13	hegel1+cab	sure	
Wiederhohlung	Wiederholung	13	hegel1+cab	sure	
reflectirtes	reflektiertes	13	hegel1+cab	sure	
Ausschliessen	Ausschließen	13	hegel1+cab	sure	ß beibehalten (Langvokal angenommen)
einestheils	einesteils	13	hegel1+cab	sure	
Attractivkraft	Attraktivkraft	13	cab	cab	
Abstracte	Abstrakte	13	hegel1+cab	sure	
Specification	Spezifikation	13	cab	cab	
Urtheilskraft	Urteilskraft	13	cab	cab	
Reflectirtseyn	Reflektiertsein	13	hegel1+cab	sure	
Merkmahl	Merkmal	13	hegel1+cab	sure	
speculativen	spekulativen	12	hegel1+cab	sure	
erfodert	erfordert	12	hegel1+cab	sure	
Concretion	Konkretion	12	hegel1+cab	sure	
fodert	fordert	12	hegel1+cab	sure	
fixirt	fixiert	12	hegel1+cab	sure	
Deduction	Deduktion	12	cab	cab	
Hülfe	Hilfe	12	hegel1+cab	sure	
Seyenden	Seienden	12	hegel1+cab	sure	
hienach	hiernach	12	hegel1+cab	sure	
Subjective	Subjektive	12	cab	cab	
concreter	konkreter	12	hegel1+cab	sure	
äusserer	äußerer	12	hegel1+cab	sure	ß beibehalten (Langvokal angenommen)
Nichtdaseyn	Nichtdasein	12	cab	cab	
Aussersichseyn	Außersichsein	12	hegel1	sure	ß beibehalten (Langvokal angenommen)
daseyende	daseiende	12	hegel1+cab	sure	
fürsichseyende	fürsichseiende	12	hegel1+cab	sure	
Multiplication	Multiplikation	12	cab	cab	
Maaßbestimmung	Maßbestimmung	12	cab	cab	ß beibehalten (Langvokal angenommen)
Allmähligkeit	Allmählichkeit	12	hegel1+cab	sure	
specifisch	spezifisch	12	cab	cab	
zurükgegangen	zurückgegangen	12	cab	cab	
Factum	Faktum	11	cab	cab	
constituirt	konstituiert	11	hegel1+cab	sure	
Theils	Teils	11	hegel1+cab	sure	
faßt	fasst	11	hegel1	sure	
Kenntniß	Kenntnis	11	hegel1+cab	sure	
Aenderung	Änderung	11	hegel1+cab	sure	
todte	tote	11	hegel1+cab	sure	
Dreyecke	Dreiecke	11	hegel1+cab	sure	
abstracter	abstrakter	11	hegel1+cab	sure	
objectiv	objektiv	11	cab	cab	
Ausser	Außer	11	hegel1+cab	sure	ß beibehalten (Langvokal angenommen)
Beydes	Beides	11	hegel1+cab	sure	
ausschliessend	ausschließend	11	hegel1+cab	sure	ß beibehalten (Langvokal angenommen)
bestimmtseyn	Bestimmtsein	11	cab	cab	
Centrum	Zentrum	11	hegel1+cab	sure	
Aussereinander	Außereinander	11	cab	cab	ß beibehalten (Langvokal angenommen)
Factor	Faktor	11	cab	cab	
Stuffen	Stufen	11	hegel1+cab	sure	
existirenden	existierenden	11	hegel1+cab	sure	
Maaßen	Massen	11	cab	cab	
objectiver	objektiver	11	cab	cab	
Disjunction	Disjunktion	11	cab	cab	
mußte	musste	10	hegel1	sure	
gethan	getan	10	hegel1+cab	sure	
negirende	negierende	10	hegel1+cab	sure	
Eintheilungen	Einteilungen	10	hegel1+cab	sure	
willkührlich	willkürlich	10	hegel1+cab	sure	
meynt	meint	10	hegel1+cab	sure	
negiren	negieren	10	cab	cab	
Zwey	Zwei	10	cab	cab	
zusammengefaßt	zusammengefasst	10	hegel1	sure	
fürsichseyenden	fürsichseienden	10	hegel1	sure	
Centrifugalkraft	Zentrifugalkraft	10	cab	cab	
Constante	Konstante	10	cab	cab	
specifisches	spezifisches	10	cab	cab	
Electricität	Elektrizität	10	hegel1+cab	sure	
abstossende	abstoßende	10	cab	cab	ß beibehalten (Langvokal angenommen)
zurükkehrende	zurückkehrende	10	cab	cab	
inhärirt	inhäriert	10	cab	cab	
Centralität	Zentralität	10	cab	cab	
Reichthum	Reichtum	9	hegel1+cab	sure	
thätig	tätig	9	hegel1+cab	sure	
seyender	seiender	9	hegel1+cab	sure	
erfaßt	erfasst	9	hegel1	sure	
gefodert	gefordert	9	hegel1+cab	sure	
befaßt	befasst	9	hegel1	sure	
Seyendes	Seiendes	9	hegel1+cab	sure	
Mannichfaltiges	Mannigfaltiges	9	cab	cab	
Abstrahiren	Abstrahieren	9	cab	cab	
herbey	herbei	9	hegel1	sure	
äusseres	äußeres	9	hegel1+cab	sure	ß beibehalten (Langvokal angenommen)
Uebergehens	Übergehens	9	hegel1+cab	sure	
ausschliessenden	ausschließenden	9	cab	cab	ß beibehalten (Langvokal angenommen)
Theilbarkeit	Teilbarkeit	9	cab	cab	
Skepticismus	Skeptizismus	9	hegel1+cab	sure	
Continuirliche	Kontinuierliche	9	cab	cab	
alsdenn	alsdann	9	hegel1+cab	sure	
sichseyn	sichsein	9	cab-korrigiert	sure	Kompositumteil (Für-sichseyn); CAB-Halluzination Siechsein verworfen
Maaßverhältnisse	Maßverhältnisse	9	cab	cab	ß beibehalten (Langvokal angenommen)
specificirt	spezifiziert	9	manual	sure	
Wahlverwandschaft	Wahlverwandtschaft	9	cab	cab	
existiren	existieren	9	hegel1+cab	sure	
zurük	zurück	9	cab	cab	
Ansichseyende	Ansichseiende	9	hegel1	sure	
dirimirt	dirimiert	9	cab	cab	
roth	rot	9	cab	cab	
concretes	konkretes	8	hegel1+cab	sure	
Thier	Tier	8	hegel1+cab	sure	
Prädicaten	Prädikaten	8	hegel1+cab	sure	
transcendentale	transzendentale	8	cab	cab	
Abstracten	Abstrakten	8	cab	cab	
Philosophiren	Philosophieren	8	hegel1+cab	sure	
mannichfaltiger	mannigfaltiger	8	hegel1+cab	sure	
perennirende	perennierende	8	cab	cab	
Thalern	Talern	8	cab	cab	
factisch	faktisch	8	cab	cab	
heissen	heißen	8	cab	cab	ß beibehalten (Langvokal angenommen)
Daseyendes	Daseiendes	8	cab	cab	
blosser	bloßer	8	hegel1+cab	sure	ß beibehalten (Langvokal angenommen)
negirte	negierte	8	hegel1+cab	sure	
reflectirenden	reflektierenden	8	hegel1+cab	sure	
negirend	negierend	8	cab	cab	
blos	bloß	8	cab	cab	ß beibehalten (Langvokal angenommen)
Aeusseres	Äußeres	8	hegel1+cab	sure	ß beibehalten (Langvokal angenommen)
Entzweyung	Entzweiung	8	hegel1+cab	sure	
Action	Aktion	8	hegel1+cab	sure	
repellirt	repelliert	8	cab-korrigiert	sure	CAB rebelliert verworfen
Irrthum	Irrtum	8	hegel1+cab	sure	
Ueberfluß	Überfluß	8	cab	cab	ß beibehalten (Langvokal angenommen)
discreten	diskreten	8	cab	cab	
continuirlichen	kontinuierlichen	8	hegel1+cab	sure	
Products	Produkts	8	hegel1+cab	sure	
Uebergange	Übergange	8	hegel1+cab	sure	
Existirendes	Existierendes	8	cab	cab	
transcendentalen	transzendentalen	8	cab	cab	
durchloffen	durchlaufen	8	cab	cab	
Maaßstab	Maßstab	8	cab	cab	ß beibehalten (Langvokal angenommen)
Maaßverhältniß	Maßverhältnis	8	cab	cab	ß beibehalten (Langvokal angenommen)
reflectirter	reflektierter	8	hegel1+cab	sure	
zurükgeht	zurückgeht	8	cab	cab	
inhäriren	inhärieren	8	cab	cab	
Urtheilsbestimmungen	Urteilsbestimmungen	8	hegel1+cab	sure	
realisiren	realisieren	8	hegel1+cab	sure	
Einfluß	Einfluss	7	hegel1	sure	
wiederhohlt	wiederholt	7	hegel1+cab	sure	
Verhältnißen	Verhältnissen	7	hegel1	sure	
selbstbewußten	selbstbewussten	7	hegel1	sure	
Schliessens	Schließens	7	cab	cab	ß beibehalten (Langvokal angenommen)
nothwendiges	notwendiges	7	hegel1+cab	sure	
eingetheilt	eingeteilt	7	cab	cab	
gewußt	gewusst	7	hegel1	sure	
einläßt	einlässt	7	hegel1	sure	
zweytes	zweites	7	hegel1+cab	sure	
Mannichfaltigen	Mannigfaltigen	7	cab	cab	
mancherley	mancherlei	7	hegel1+cab	sure	
Uebergangs	Übergangs	7	hegel1+cab	sure	
perennirend	perennierend	7	cab	cab	
seyns	seins	7	hegel1+cab	sure	
continuiren	kontinuieren	7	cab	cab	
Centralkörper	Zentralkörper	7	cab	cab	
auszuschliessen	auszuschließen	7	hegel1+cab	sure	ß beibehalten (Langvokal angenommen)
giebt	gibt	7	hegel1+cab	sure	
continuirlich	kontinuierlich	7	cab	cab	
particuläre	partikuläre	7	cab	cab	
direct	direkt	7	cab	cab	
verhältnißlose	verhältnislose	7	cab	cab	
Curven	Kurven	7	cab	cab	
Verhältnißbestimmung	Verhältnisbestimmung	7	cab	cab	
Reduction	Reduktion	7	hegel1+cab	sure	
begreiffen	begreifen	7	hegel1+cab	sure	
Schliessen	Schließen	7	hegel1+cab	sure	ß beibehalten (Langvokal angenommen)
existirendes	existierendes	7	hegel1+cab	sure	
Accidenz	Akzidenz	7	cab	cab	
Ursachlichkeit	Ursächlichkeit	7	cab	cab	
Theilung	Teilung	7	hegel1+cab	sure	
Reproduction	Reproduktion	7	hegel1+cab	sure	
abgestossen	abgestoßen	6	hegel1+cab	sure	ß beibehalten (Langvokal angenommen)
äussert	äußert	6	hegel1+cab	sure	ß beibehalten (Langvokal angenommen)
Vortheil	Vorteil	6	hegel1+cab	sure	
Inconsequenz	Inkonsequenz	6	hegel1+cab	sure	
abstrahire	abstrahiere	6	cab	cab	
Aussersichseyns	Außersichseins	6	mech	mech	
Subjectiven	Subjektiven	6	hegel1+cab	sure	
vergißt	vergisst	6	hegel1	sure	
Beyspielen	Beispielen	6	hegel1+cab	sure	
Bewandniß	Bewandtnis	6	hegel1+cab	sure	
Disseits	Diesseits	6	hegel1+cab	sure	
ausserdem	außerdem	6	hegel1+cab	sure	ß beibehalten (Langvokal angenommen)
Negirtseyn	Negiertsein	6	cab	cab	
realisirte	realisierte	6	hegel1+cab	sure	
definirt	definiert	6	cab	cab	
Discreten	Diskreten	6	cab	cab	
continuirlicher	kontinuierlicher	6	cab	cab	
Addiren	Addieren	6	cab	cab	
grosse	große	6	hegel1+cab	sure	ß beibehalten (Langvokal angenommen)
Existirenden	Existierenden	6	cab	cab	
Ueberhaupt	Überhaupt	6	cab	cab	
Increment	Inkrement	6	cab	cab	
Hiedurch	Hierdurch	6	hegel1+cab	sure	
durchloffenen	durchlaufenen	6	cab	cab	
grössere	größere	6	hegel1+cab	sure	ß beibehalten (Langvokal angenommen)
formirte	formierte	6	cab	cab	
Specifische	Spezifische	6	cab	cab	
Triplicität	Triplizität	6	hegel1+cab	sure	
Reaction	Reaktion	6	hegel1+cab	sure	
Verhältnißzahlen	Verhältniszahlen	6	cab	cab	
sichseyende	sichseiende	6	hegel1	sure	
mahl	Mal	6	cab	cab	
Activität	Aktivität	6	cab	cab	
ursachliche	ursächliche	6	cab	cab	
Reflexionsurtheile	Reflexionsurteile	6	cab	cab	
particulären	partikulären	6	cab	cab	
disjunctive	disjunktive	6	cab	cab	
sämmtlichen	sämtlichen	5	cab	cab	
bewußtlos	bewusstlos	5	hegel1	sure	
eigenthümliches	eigentümliches	5	hegel1+cab	sure	
abstrahiren	abstrahieren	5	hegel1+cab	sure	
Production	Produktion	5	cab	cab	
Bestandtheile	Bestandteile	5	cab	cab	
abstrahirende	abstrahierende	5	cab	cab	
Befreyung	Befreiung	5	hegel1+cab	sure	
Merkmahle	Merkmale	5	hegel1+cab	sure	
todten	toten	5	hegel1+cab	sure	
resultirt	resultiert	5	hegel1+cab	sure	
meynen	meinen	5	hegel1+cab	sure	
Ausserdem	Außerdem	5	hegel1+cab	sure	ß beibehalten (Langvokal angenommen)
Objectiven	Objektiven	5	hegel1+cab	sure	
abstrahirenden	abstrahierenden	5	cab	cab	
Thuns	Tuns	5	hegel1+cab	sure	
theilt	teilt	5	hegel1+cab	sure	
tavtologische	tautologische	5	cab	cab	
wegläßt	weglässt	5	hegel1	sure	
hervorthut	hervortut	5	hegel1+cab	sure	
angethan	angetan	5	hegel1+cab	sure	
Wiederhohlen	Wiederholen	5	cab	cab	
mannichfaltig	mannigfaltig	5	hegel1+cab	sure	
Beym	Beim	5	cab	cab	
ertheilt	erteilt	5	hegel1+cab	sure	
Einsseyn	Einssein	5	hegel1+cab	sure	
Fürsichseyendes	Fürsichseiendes	5	mech	mech	
Monstriren	Monstrieren	5	cab	cab	
Aeusserlichen	Äußerlichen	5	hegel1+cab	sure	ß beibehalten (Langvokal angenommen)
befreyen	befreien	5	hegel1+cab	sure	
Gegentheils	Gegenteils	5	hegel1+cab	sure	
Zweyheit	Zweiheit	5	hegel1+cab	sure	
Zurückgekehrtseyn	Zurückgekehrtsein	5	cab	cab	
abstractere	abstraktere	5	cab	cab	
Causalitätsverhältniß	Causalitätsverhältnis	5	cab	cab	
Repelliren	Repellieren	5	cab-korrigiert	sure	CAB verworfen
ausgedrükt	ausgedrückt	5	hegel1+cab	sure	
gewiß	gewiss	5	hegel1	sure	
Roth	Rot	5	hegel1+cab	sure	
continuirliches	kontinuierliches	5	cab	cab	
grossen	großen	5	hegel1+cab	sure	ß beibehalten (Langvokal angenommen)
Fliessen	Fließen	5	cab	cab	ß beibehalten (Langvokal angenommen)
Entäusserung	Entäußerung	5	hegel1	sure	ß beibehalten (Langvokal angenommen)
constituiren	konstituieren	5	hegel1+cab	sure	
Incommensurabilität	Inkommensurabilität	5	hegel1+cab	sure	
Mißverstand	Missverstand	5	hegel1	sure	
urtheilt	urteilt	5	hegel1+cab	sure	
Zweyte	Zweite	5	hegel1+cab	sure	
Eigenthümliche	Eigentümliche	5	hegel1	sure	
Entwicklungsfunctionen	Entwicklungsfunktionen	5	manual	sure	
Increments	Inkrements	5	cab	cab	
Modificationen	Modifikationen	5	cab	cab	
Uebergänge	Übergänge	5	hegel1+cab	sure	
formirt	formiert	5	cab	cab	
rechtwinklichten	rechtwinkligen	5	hegel1+cab	sure	
grösser	größer	5	hegel1+cab	sure	ß beibehalten (Langvokal angenommen)
hiesse	hieße	5	hegel1+cab	sure	ß beibehalten (Langvokal angenommen)
Behuffe	Behufe	5	cab	cab	
Uebrigens	Übrigens	5	cab	cab	
active	aktive	5	cab	cab	
entzweyt	entzweit	5	hegel1+cab	sure	
entäussert	entäußert	5	hegel1+cab	sure	ß beibehalten (Langvokal angenommen)
mannichfaltiges	mannigfaltiges	5	hegel1+cab	sure	
Gedächtniß	Gedächtnis	5	hegel1+cab	sure	
zurükführt	zurückführt	5	cab	cab	
freyer	freier	5	hegel1+cab	sure	
verlauffen	verlaufen	5	hegel1+cab	sure	
Reflexionsurtheils	Reflexionsurteils	5	cab	cab	
Particularität	Partikularität	5	cab	cab	
subsumirend	subsumierend	5	cab	cab	
Objectivirung	Objektivierung	5	cab	cab	
Eintheilungsgrund	Einteilungsgrund	5	cab	cab	
hiezu	hierzu	4	hegel1+cab	sure	
zweyter	zweiter	4	hegel1+cab	sure	
ignorirt	ignoriert	4	cab	cab	
bewußt	bewusst	4	hegel1	sure	
Werthes	Wertes	4	hegel1+cab	sure	
Sophisterey	Sophisterei	4	hegel1+cab	sure	
Hiebey	Hierbei	4	hegel1+cab	sure	
erfoderte	erforderte	4	cab	cab	
Vorurtheile	Vorurteile	4	cab	cab	
begreiffende	begreifende	4	hegel1+cab	sure	
Verwandschaft	Verwandtschaft	4	cab	cab	
vermißt	vermisst	4	hegel1	sure	
isolirte	isolierte	4	hegel1+cab	sure	
isolirtes	isoliertes	4	cab	cab	
Zweyten	Zweiten	4	hegel1+cab	sure	
Subjectives	Subjektives	4	cab	cab	
befreyte	befreite	4	hegel1+cab	sure	
abgethan	abgetan	4	hegel1+cab	sure	
concretere	konkretere	4	cab	cab	
Entschluß	Entschluss	4	hegel1	sure	
Abstractes	Abstraktes	4	cab	cab	
intellectuelle	intellektuelle	4	hegel1+cab	sure	
Nachtheil	Nachteil	4	cab	cab	
Antheil	Anteil	4	hegel1+cab	sure	
Reflectirte	Reflektierte	4	cab	cab	
begreifflich	begreiflich	4	hegel1	sure	
Aussereinanderseyn	Außereinandersein	4	mech	mech	
müßten	müssten	4	hegel1	sure	
perennirenden	perennierenden	4	hegel1+cab	sure	
Kategorieen	Kategorien	4	cab	cab	
fürsichseyend	fürsichseiend	4	hegel1	sure	
repelliren	repellieren	4	cab-korrigiert	sure	CAB verworfen
daseyenden	daseienden	4	hegel1	sure	
Attractiv	Attraktiv	4	manual	sure	
willkührlichen	willkürlichen	4	hegel1+cab	sure	
herbeyführt	herbeiführt	4	cab	cab	
tavtologisch	tautologisch	4	hegel1+cab	sure	
Alsdenn	Alsdann	4	hegel1+cab	sure	
Ausschliessung	Ausschließung	4	hegel1+cab	sure	ß beibehalten (Langvokal angenommen)
Stätigkeit	Stetigkeit	4	cab	cab	
theilen	teilen	4	hegel1+cab	sure	
discreter	diskreter	4	cab	cab	
discret	diskret	4	cab	cab	
Zehen	Zehn	4	cab	cab	
operirt	operiert	4	cab	cab	
numerirt	numeriert	4	manual	sure	
exponirt	exponiert	4	manual	sure	
Erforderniß	Erfordernis	4	cab	cab	
Drey	Drei	4	cab	cab	
Ahndungen	Ahnungen	4	cab	cab	
Vertheilung	Verteilung	4	hegel1+cab	sure	
allmählige	allmähliche	4	hegel1+cab	sure	
Nichtdaseyns	Nichtdaseins	4	cab	cab	
fodern	fordern	4	hegel1+cab	sure	
durchlauffen	durchlaufen	4	hegel1+cab	sure	
eh	ehe	4	hegel1+cab	sure	
Incrementen	Inkrementen	4	cab	cab	
anticipirt	antizipiert	4	hegel1+cab	sure	
Verhältnißbestimmungen	Verhältnisbestimmungen	4	cab	cab	
Potenzenfunction	Potenzenfunktion	4	manual	sure	
reflectiren	reflektieren	4	hegel1+cab	sure	
eigenthümlich	eigentümlich	4	hegel1+cab	sure	
einerley	einerlei	4	cab	cab	
thätigen	tätigen	4	hegel1+cab	sure	
Maaßlose	Maßlose	4	cab	cab	ß beibehalten (Langvokal angenommen)
specifischer	spezifischer	4	cab	cab	
Verhältnißexponenten	Verhältnisexponenten	4	cab	cab	
beyderseitigen	beiderseitigen	4	hegel1+cab	sure	
neutralisiren	neutralisieren	4	cab	cab	
Neutralisirung	Neutralisierung	4	cab	cab	
Reflectirtseyns	Reflektiertseins	4	hegel1+cab	sure	
Uebersetzen	Übersetzen	4	hegel1+cab	sure	
Vornemlich	Vornehmlich	4	cab	cab	
objectives	objektives	4	cab	cab	
inwohnende	innewohnende	4	cab	cab	
Caussalität	Kausalität	4	cab	cab	
Eigenthum	Eigentum	4	hegel1+cab	sure	
abzustossen	abzustoßen	4	cab	cab	ß beibehalten (Langvokal angenommen)
sollicitirend	sollizitierend	4	hegel1+cab	sure	
sollicitirende	sollizitierende	4	hegel1+cab	sure	
Entwiklung	Entwicklung	4	hegel1+cab	sure	
unreflectirte	unreflektierte	4	cab	cab	
stossende	stoßende	4	cab	cab	ß beibehalten (Langvokal angenommen)
Gemählde	Gemälde	4	cab	cab	
contradictorisch	kontradiktorisch	4	cab	cab	
Reflexionsurtheil	Reflexionsurteil	4	cab	cab	
Antinomieen	Antinomien	4	cab	cab	
Tavtologien	Tautologien	4	cab	cab	
mitgetheilten	mitgeteilten	4	cab	cab	
Mitgetheilte	Mitgeteilte	4	cab	cab	
Geschiklichkeit	Geschicklichkeit	3	cab	cab	
herbeygeführt	herbeigeführt	3	cab	cab	
Abtheilung	Abteilung	3	cab	cab	
Thiere	Tiere	3	hegel1+cab	sure	
speculativer	spekulativer	3	cab	cab	
beynahe	beinahe	3	mech	mech	
Standpunct	Standpunkt	3	manual	sure	
Modification	Modifikation	3	hegel1+cab	sure	
Standpuncte	Standpunkte	3	cab	cab	
consequenter	konsequenter	3	cab	cab	
häuffig	häufig	3	hegel1	sure	
multiplicirt	multipliziert	3	cab	cab	
Uebersicht	Übersicht	3	hegel1+cab	sure	
unfreye	unfreie	3	cab	cab	
Werthen	Werten	3	cab	cab	
räsonnirenden	räsonierenden	3	hegel1+cab	sure	
vorläuffig	vorläufig	3	hegel1	sure	
todt	tot	3	hegel1+cab	sure	
Abstractum	Abstraktum	3	hegel1	sure	
Philosophirens	Philosophierens	3	cab	cab	
analysirt	analysiert	3	hegel1+cab	sure	
willkührlicher	willkürlicher	3	cab	cab	
erweißt	erweist	3	hegel1+cab	sure	
Freylich	Freilich	3	mech	mech	
heisse	heiße	3	hegel1+cab	sure	ß beibehalten (Langvokal angenommen)
zweyerley	zweierlei	3	hegel1+cab	sure	
gesammten	gesamten	3	hegel1+cab	sure	
Accent	Akzent	3	hegel1+cab	sure	
Behuff	Behuf	3	hegel1	sure	
Einerleyheit	Einerleiheit	3	cab	cab	
schliesse	schließe	3	cab	cab	ß beibehalten (Langvokal angenommen)
dirimiren	dirimieren	3	cab	cab	
absorbirt	absorbiert	3	hegel1+cab	sure	
daseyender	daseiender	3	hegel1	sure	
Deßwegen	Deswegen	3	cab	cab	
daseyend	daseiend	3	hegel1+cab	sure	
Insichseyns	Insichseins	3	hegel1	sure	
weist	erweist	3	hegel1	sure	
resultirende	resultierende	3	cab	cab	
negirtes	negiertes	3	cab	cab	
behafftet	behaftet	3	hegel1+cab	sure	
begreifft	begreift	3	hegel1+cab	sure	
Act	Akt	3	cab	cab	
Reflectiren	Reflektieren	3	hegel1+cab	sure	
bewußtlose	bewusstlose	3	hegel1	sure	
Fürsichseyende	Fürsichseiende	3	hegel1+cab	sure	
attrahirend	attrahierend	3	cab	cab	
manifestiren	manifestieren	3	cab	cab	
repellirende	repellierende	3	cab-korrigiert	sure	CAB verworfen
beygelegt	beigelegt	3	hegel1+cab	sure	
perennirendes	perennierendes	3	cab	cab	
stätig	stetig	3	cab	cab	
Getheiltseyn	Geteiltsein	3	cab	cab	
subjectivem	subjektivem	3	cab	cab	
werth	wert	3	hegel1+cab	sure	
insgesammt	insgesamt	3	cab	cab	
ausschliessen	ausschließen	3	hegel1+cab	sure	ß beibehalten (Langvokal angenommen)
stätige	stetige	3	cab	cab	
Dabey	Dabei	3	hegel1+cab	sure	
umschliessende	umschließende	3	cab	cab	ß beibehalten (Langvokal angenommen)
zusammenfaßt	zusammenfasst	3	hegel1	sure	
addiren	addieren	3	cab	cab	
existirend	existierend	3	hegel1+cab	sure	
Grossen	Großen	3	cab	cab	ß beibehalten (Langvokal angenommen)
addirt	addiert	3	cab	cab	
worinn	worin	3	manual	sure	
Dreyeinigkeit	Dreieinigkeit	3	mech	mech	
Nothbehelf	Notbehelf	3	cab	cab	
afficirt	affiziert	3	hegel1+cab	sure	
Fürsichbestimmtseyn	Fürsichbestimmtsein	3	mech	mech	
vertheilt	verteilt	3	hegel1+cab	sure	
Producten	Produkten	3	cab	cab	
Untheilbare	Unteilbare	3	cab	cab	
incommensurabel	inkommensurabel	3	cab	cab	
Zeittheilen	Zeitteilen	3	manual	sure	
beyläuffig	beiläufig	3	cab	cab	
eigenthümlicher	eigentümlicher	3	hegel1+cab	sure	
Eigenthümlichen	Eigentümlichen	3	cab	cab	
explicirt	expliziert	3	manual	sure	
Gränze	Grenze	3	hegel1+cab	sure	
Grössenverhältniß	Größenverhältnis	3	manual	sure	
Zeittheil	Zeitteil	3	manual	sure	
Differentiirung	Differenzierung	3	cab	cab	
Rectification	Rektifikation	3	manual	sure	
Uebersetzung	Übersetzung	3	cab	cab	
summirt	summiert	3	cab	cab	
indirecten	indirekten	3	manual	sure	
realisirten	realisierten	3	cab	cab	
Affectionen	Affektionen	3	cab	cab	
Dreyheit	Dreiheit	3	cab	cab	
Conflict	Konflikt	3	hegel1+cab	sure	
Specificationen	Spezifikationen	3	cab	cab	
specificirte	spezifizierte	3	manual	sure	
constante	konstante	3	cab	cab	
qualificirenden	qualifizierenden	3	cab	cab	
specificirten	spezifizierten	3	manual	sure	
Maaßbestimmtheit	Maßbestimmtheit	3	cab	cab	ß beibehalten (Langvokal angenommen)
hiegegen	hiergegen	3	hegel1+cab	sure	
Specifischen	Spezifischen	3	cab	cab	
physicalischen	physikalischen	3	cab	cab	
Continuirung	Kontinuierung	3	cab	cab	
realisirende	realisierende	3	cab	cab	
Continuation	Kontinuation	3	cab	cab	
abstossendes	abstoßendes	3	cab	cab	ß beibehalten (Langvokal angenommen)
reflectirend	reflektierend	3	cab	cab	
Einestheils	Einesteils	3	hegel1+cab	sure	
ausschliessendes	ausschließendes	3	hegel1+cab	sure	ß beibehalten (Langvokal angenommen)
Thatsachen	Tatsachen	3	cab	cab	
Rükgang	Rückgang	3	cab	cab	
Rüksichten	Rücksichten	3	cab	cab	
zurükgegangene	zurückgegangene	3	cab	cab	
Zurükgehen	zurückgehen	3	cab	cab	
dieß	dies	3	cab	cab	
drükt	drückt	3	cab	cab	
Bedingtseyn	Bedingtsein	3	cab	cab	
thätige	tätige	3	hegel1+cab	sure	
hinweißt	hinweist	3	cab	cab	
darinn	darin	3	manual	sure	
Nothwendiges	Notwendiges	3	cab	cab	
zurükgekehrt	zurückgekehrt	3	cab	cab	
fürsichseyendes	fürsichseiendes	3	hegel1	sure	
Substantialitätsverhältniß	Substantialitätsverhältnis	3	cab	cab	
Mahler	Maler	3	cab	cab	
vindicirt	vindiziert	3	hegel1+cab	sure	
Apperception	Apperzeption	3	hegel1+cab	sure	
Categorien	Kategorien	3	cab	cab	
auffaßt	auffasst	3	hegel1	sure	
Beurtheilung	Beurteilung	3	hegel1+cab	sure	
Criterium	Kriterium	3	cab	cab	
contradictorischen	kontradiktorischen	3	cab	cab	
monstrirt	monstriert	3	cab	cab	
grosser	großer	3	hegel1+cab	sure	ß beibehalten (Langvokal angenommen)
Thieren	Tieren	3	hegel1+cab	sure	
Particularisation	Partikularisation	3	cab	cab	
Classe	Klasse	3	cab	cab	
Zusammenschliessen	Zusammenschließen	3	cab	cab	ß beibehalten (Langvokal angenommen)
combinatorischen	kombinatorischen	3	cab	cab	
Merkmahlen	Merkmalen	3	cab	cab	
mitgetheilte	mitgeteilte	3	hegel1+cab	sure	
Versenktseyn	Versenktsein	3	hegel1+cab	sure	
Congruenz	Kongruenz	3	cab	cab	
aufgelößt	aufgelöst	3	hegel1+cab	sure	
urtheilen	urteilen	3	cab	cab	
dreyer	dreier	3	cab	cab	
rückwarts	rückwärts	3	cab	cab	
Erkenntnißvermögen	Erkenntnisvermögen	2	cab	cab	
Hirngespinnste	Hirngespinste	2	cab	cab	
Noth	Not	2	hegel1+cab	sure	
Ignoriren	Ignorieren	2	cab	cab	
Systematisirung	Systematisierung	2	cab	cab	
Anfoderung	Anforderung	2	cab	cab	
beygegeben	beigegeben	2	cab	cab	
Speculation	Spekulation	2	hegel1+cab	sure	
draussen	draußen	2	cab	cab	ß beibehalten (Langvokal angenommen)
erfodern	erfordern	2	cab	cab	
wüßte	wüsste	2	hegel1	sure	
verschaft	verschafft	2	cab	cab	
vorausgeschikt	vorausgeschickt	2	cab	cab	
lehre	Lehre	2	cab	cab	
Bestandtheilen	Bestandteilen	2	cab	cab	
Formiren	Formieren	2	hegel1+cab	sure	
selbstbewußte	selbstbewusste	2	hegel1	sure	
Irrthümer	Irrtümer	2	hegel1+cab	sure	
zurükgefallen	zurückgefallen	2	cab	cab	
Rükschritt	Rückschritt	2	cab	cab	
nahmhaft	namhaft	2	cab	cab	
Misverstand	Missverstand	2	cab	cab	
erkännte	erkennte	2	hegel1	sure	
Schlußes	Schlusses	2	hegel1+cab	sure	
Ueberzeugung	Überzeugung	2	hegel1+cab	sure	
Ueberschriften	Überschriften	2	cab	cab	
Speculative	Spekulative	2	hegel1+cab	sure	
Räsonniren	Räsonieren	2	hegel1+cab	sure	
Eintheilen	Einteilen	2	cab	cab	
Werths	Werts	2	cab	cab	
gemeynten	gemeinten	2	hegel1+cab	sure	
Eintheilens	Einteilens	2	cab	cab	
Objectives	Objektives	2	cab	cab	
vindiciren	vindizieren	2	hegel1+cab	sure	
Objectiviren	Objektivieren	2	cab	cab	
Productionen	Produktionen	2	cab	cab	
produciren	produzieren	2	hegel1+cab	sure	
Subjectivem	Subjektivem	2	cab	cab	
Objectivem	Objektivem	2	cab	cab	
urgirt	urgiert	2	manual	sure	
Verständniß	Verständnis	2	manual	sure	
Principe	Prinzipe	2	hegel1	sure	
willkührliches	Willkürliches	2	cab	cab	
Constructionen	Konstruktionen	2	cab	cab	
abstracteste	abstrakteste	2	hegel1	sure	
Fortgegangenseyn	Fortgegangensein	2	mech	mech	
Concreteste	Konkreteste	2	cab	cab	
Zweydeutigkeit	Zweideutigkeit	2	hegel1+cab	sure	
Context	Kontext	2	cab	cab	
speculativem	spekulativem	2	cab	cab	
Speculativen	Spekulativen	2	hegel1+cab	sure	
Meynen	Meinen	2	hegel1+cab	sure	
abstrahirend	abstrahierend	2	cab	cab	
Herausgegangenseyn	Herausgegangensein	2	cab	cab	
Beyden	Beiden	2	cab	cab	
hervorthun	hervortun	2	hegel1+cab	sure	
anticipiren	antizipieren	2	hegel1+cab	sure	
temperirt	temperiert	2	cab	cab	
Daseyenden	Daseienden	2	mech	mech	
geläuffigsten	geläufigsten	2	cab	cab	
Puncte	Punkte	2	hegel1+cab	sure	
sichseyns	sichseins	2	cab-korrigiert	sure	wie sichseyn
Daseyende	Daseiende	2	cab	cab	
Aeußerlichkeit	Äußerlichkeit	2	hegel1	sure	ß beibehalten (Langvokal angenommen)
abstossen	abstoßen	2	hegel1+cab	sure	ß beibehalten (Langvokal angenommen)
Uebergegangenseyn	Übergegangensein	2	mech	mech	
fixirte	fixierte	2	hegel1+cab	sure	
Hinausseyn	Hinaussein	2	cab	cab	
Blüthe	Blüte	2	hegel1	sure	
willkührliche	willkürliche	2	hegel1	sure	
isoliren	isolieren	2	hegel1+cab	sure	
unaufgelößten	unaufgelösten	2	cab	cab	
schieffen	schiefen	2	cab	cab	
zweyfache	zweifache	2	mech	mech	
schliessende	schließende	2	cab	cab	ß beibehalten (Langvokal angenommen)
Fürsichseyenden	Fürsichseienden	2	mech	mech	
prästabilirt	prästabiliert	2	cab	cab	
daseyendes	daseiendes	2	hegel1	sure	
attrahirenden	attrahierenden	2	cab	cab	
repellirend	repellierend	2	cab-korrigiert	sure	CAB verworfen
Uebersehen	Übersehen	2	cab	cab	
Ueberganges	Überganges	2	hegel1	sure	
daseyn	dasein	2	cab	cab	
präsentirt	präsentiert	2	hegel1+cab	sure	
beygefügt	beigefügt	2	cab	cab	
that	tat	2	hegel1+cab	sure	
activ	aktiv	2	cab	cab	
resultiren	resultieren	2	cab	cab	
Aussereinanderseyns	Außereinanderseins	2	mech	mech	
Eintheilungsprincip	Einteilungsprinzip	2	cab	cab	
tavtologischer	tautologischer	2	cab	cab	
Dinte	Tinte	2	cab	cab	
Vorbeygehen	Vorbeigehen	2	cab	cab	
folgendermassen	folgendermaßen	2	cab	cab	ß beibehalten (Langvokal angenommen)
Collision	Kollision	2	hegel1+cab	sure	
herbeygebracht	herbeigebracht	2	cab	cab	
getheilt	geteilt	2	hegel1+cab	sure	
formirende	formierende	2	hegel1	sure	
theilbar	teilbar	2	manual	sure	
erwiedert	erwidert	2	hegel1+cab	sure	
beurtheilen	beurteilen	2	hegel1+cab	sure	
mißt	misst	2	manual	sure	
ächt	echt	2	cab	cab	
bethätigt	betätigt	2	hegel1+cab	sure	
Subtrahiren	Subtrahieren	2	cab	cab	
Potenziren	Potenzieren	2	cab	cab	
pythagoräischen	pythagoreischen	2	cab	cab	
äusserste	äußerste	2	cab	cab	ß beibehalten (Langvokal angenommen)
Dyas	Dias	2	cab	cab	
dividirt	dividiert	2	cab	cab	
Zumuthung	Zumutung	2	cab	cab	
herbeyzunehmen	herbeizunehmen	2	mech	mech	
zehente	zehnte	2	cab	cab	
stätigen	stetigen	2	cab	cab	
untheilbare	unteilbare	2	cab	cab	
Progreßes	Progresses	2	cab	cab	
unermeßlichen	unermesslichen	2	hegel1	sure	
speciellere	speziellere	2	hegel1+cab	sure	
successive	sukzessive	2	cab	cab	
fodere	fordere	2	cab	cab	
transcendental	transzendental	2	cab	cab	
einemahl	einemmal	2	cab	cab	
trift	trifft	2	cab	cab	
Zahlenwerth	Zahlenwert	2	cab	cab	
Verhältnißloses	Verhältnisloses	2	cab	cab	
summirbaren	summierbaren	2	cab	cab	
Beyspiels	Beispiels	2	hegel1+cab	sure	
Affection	Affektion	2	hegel1+cab	sure	
gerathen	geraten	2	hegel1+cab	sure	
verhältnißlosen	verhältnislosen	2	cab	cab	
stätiger	stetiger	2	cab	cab	
Theilchen	Teilchen	2	cab	cab	
Hinderniß	Hindernis	2	hegel1+cab	sure	
Addirens	Addierens	2	cab	cab	
Uebrige	Übrige	2	cab	cab	
Thatsache	Tatsache	2	cab	cab	
Verhältnißmoments	Verhältnismoments	2	cab	cab	
fliessenden	fließenden	2	cab	cab	ß beibehalten (Langvokal angenommen)
absolvirt	absolviert	2	hegel1	sure	
beydem	beidem	2	hegel1+cab	sure	
determinirt	determiniert	2	manual	sure	
determinirten	determinierten	2	manual	sure	
retardirten	retardierten	2	manual	sure	
Geheimniß	Geheimnis	2	hegel1+cab	sure	
respective	respektive	2	manual	sure	
determinirte	determinierte	2	manual	sure	
Punct	Punkt	2	manual	sure	
grössern	größern	2	hegel1	sure	ß beibehalten (Langvokal angenommen)
differentiirt	differenziert	2	manual	sure	
integrirt	integriert	2	manual	sure	
Entwicklungsfunction	Entwicklungsfunktion	2	manual	sure	
hiefür	hierfür	2	cab	cab	
Grosses	Großes	2	hegel1	sure	ß beibehalten (Langvokal angenommen)
Aeusserungen	Äußerungen	2	hegel1+cab	sure	ß beibehalten (Langvokal angenommen)
indirect	indirekt	2	cab	cab	
Producirens	Produzierens	2	cab	cab	
genöthigt	genötigt	2	manual	sure	
müße	müsse	2	hegel1	sure	
multipliciren	multiplizieren	2	cab	cab	
Hienach	Hiernach	2	hegel1+cab	sure	
directes	direktes	2	hegel1+cab	sure	
Aeusserlichkeiten	Äußerlichkeiten	2	hegel1+cab	sure	ß beibehalten (Langvokal angenommen)
confondirt	konfundiert	2	manual	sure	
Capacitäten	Kapazitäten	2	cab	cab	
Qualification	Qualifikation	2	hegel1+cab	sure	
absolutfreyen	absolutfreien	2	hegel1+cab	sure	
bestimmtseyns	bestimmtseins	2	mech	mech	
Ausschliessens	Ausschließens	2	cab	cab	ß beibehalten (Langvokal angenommen)
gefoderten	geforderten	2	hegel1+cab	sure	
identificirt	identifiziert	2	manual	sure	
Blösse	Blöße	2	hegel1	sure	ß beibehalten (Langvokal angenommen)
Maaßverhältnisses	Maßverhältnisses	2	cab	cab	ß beibehalten (Langvokal angenommen)
producirt	produziert	2	cab	cab	
Uebergewicht	Übergewicht	2	cab	cab	
retardirte	retardierte	2	cab	cab	
ansichseyenden	ansichseienden	2	hegel1	sure	
Seyender	Seiender	2	hegel1+cab	sure	
negirendes	negierendes	2	cab	cab	
aufthut	auftut	2	hegel1+cab	sure	
Nichtgesetztseyn	Nichtgesetztsein	2	cab	cab	
zweyfachen	zweifachen	2	cab	cab	
activen	aktiven	2	cab	cab	
seye	sei	2	hegel1+cab	sure	
Vacuum	Vakuum	2	hegel1+cab	sure	
unthätige	untätige	2	hegel1+cab	sure	
zurükgekehrte	zurückgekehrte	2	cab	cab	
occulte	okkulte	2	cab	cab	
Aether	Äther	2	hegel1+cab	sure	
inwohnt	innewohnt	2	cab	cab	
entläßt	entlässt	2	hegel1	sure	
sichseyenden	sichseienden	2	mech	mech	
mannichfaltigem	mannigfaltigem	2	hegel1+cab	sure	
zurükkehrenden	zurückkehrenden	2	cab	cab	
Anstosses	Anstoßes	2	hegel1+cab	sure	ß beibehalten (Langvokal angenommen)
Ausdruk	Ausdruck	2	cab	cab	
Nothwendigen	Notwendigen	2	cab	cab	
existirender	existierender	2	cab	cab	
freyes	freies	2	hegel1+cab	sure	
mittheilt	mitteilt	2	hegel1+cab	sure	
ursachlichen	ursächlichen	2	cab	cab	
grösseres	größeres	2	cab	cab	ß beibehalten (Langvokal angenommen)
Verhältnißweise	Verhältnisweise	2	cab	cab	
Foderungen	Forderungen	2	hegel1+cab	sure	
manifestirte	manifestierte	2	cab	cab	
intelligibeln	intelligiblen	2	cab	cab	
Nahmenerklärung	Namenerklärung	2	cab	cab	
grösserer	größerer	2	hegel1+cab	sure	ß beibehalten (Langvokal angenommen)
Critik	Kritik	2	cab	cab	
Freye	Freie	2	cab	cab	
begränzt	begrenzt	2	cab	cab	
coordinirt	koordiniert	2	cab	cab	
Abstract	Abstrakt	2	manual	sure	
vielerley	vielerlei	2	hegel1+cab	sure	
conträre	konträre	2	cab	cab	
conträren	konträren	2	cab	cab	
conträr	konträr	2	cab	cab	
verläßt	verlässt	2	hegel1	sure	
fürsichseyn	fürsichsein	2	hegel1	sure	
geurtheilt	geurteilt	2	cab	cab	
Subsumiren	Subsumieren	2	cab	cab	
continuirend	kontinuierend	2	cab	cab	
Urtheilsbestimmung	Urteilsbestimmung	2	cab	cab	
reduciren	reduzieren	2	hegel1+cab	sure	
Weissen	Weißen	2	hegel1+cab	sure	ß beibehalten (Langvokal angenommen)
Rothen	Roten	2	cab	cab	
Elephant	Elefant	2	hegel1+cab	sure	
Elasticität	Elastizität	2	hegel1+cab	sure	
äusserlichste	äußerlichste	2	cab	cab	ß beibehalten (Langvokal angenommen)
glückseelig	glückselig	2	cab	cab	
schliessen	schließen	2	hegel1+cab	sure	ß beibehalten (Langvokal angenommen)
disjunctives	disjunktives	2	cab	cab	
disjungirt	disjungiert	2	cab	cab	
äusserem	äußerem	2	cab	cab	ß beibehalten (Langvokal angenommen)
sechszehn	sechzehn	2	cab	cab	
beydemal	beidemal	2	cab	cab	
dreyen	dreien	2	mech	mech	
beyläufig	beiläufig	2	cab	cab	
Papageyen	Papageien	2	cab	cab	
Zusammenschliessens	Zusammenschließens	2	cab	cab	ß beibehalten (Langvokal angenommen)
zuläßt	zulässt	2	hegel1	sure	
tavtologischen	tautologischen	2	hegel1+cab	sure	
beygebracht	beigebracht	2	hegel1+cab	sure	
Contexte	Kontexte	2	cab	cab	
Waare	Ware	2	cab	cab	
theuer	teuer	2	cab	cab	
Zuthat	Zutat	2	hegel1+cab	sure	
Hauffen	Haufen	2	hegel1+cab	sure	
actives	aktives	2	cab	cab	
Receptivität	Rezeptivität	2	cab	cab	
Centralkörpers	Zentralkörpers	2	cab	cab	
mitgetheilt	mitgeteilt	2	cab	cab	
Centrums	Zentrums	2	cab	cab	
ausserweltlichen	außerweltlichen	2	cab	cab	ß beibehalten (Langvokal angenommen)
inhärirendes	inhärierendes	2	cab	cab	
Zweckthätigkeit	Zwecktätigkeit	2	cab	cab	
zweckmässige	zweckmäßige	2	hegel1	sure	ß beibehalten (Langvokal angenommen)
transcendent	transzendent	2	cab	cab	
congruiren	kongruieren	2	cab	cab	
herausgebohren	herausgeboren	2	cab	cab	
Lebensproceß	Lebensprozess	2	cab-korrigiert	sure	ß nach Kurzvokal → ss
zweckmässig	zweckmäßig	2	hegel1	sure	ß beibehalten (Langvokal angenommen)
objectiviren	objektivieren	2	cab	cab	
Cirkel	Zirkel	2	hegel1+cab	sure	
Ahndung	Ahnung	2	hegel1+cab	sure	
Sylben	Silben	2	hegel1+cab	sure	
Eintheilungsgründe	Einteilungsgründe	2	cab	cab	
Catheten	Katheten	2	cab	cab	
Beweiß	Beweis	2	cab	cab	
campiret	campieret	2	cab	cab	
vermuthet	vermutet	2	cab	cab	
begreiffenden	begreifenden	2	hegel1+cab	sure	
gemeyntes	gemeintes	2	hegel1+cab	sure	
Styl	Stil	1	cab	cab	
Gemüthserhebung	Gemütserhebung	1	cab	cab	
gebähre	gebäre	1	cab	cab	
Geschrey	Geschrei	1	cab	cab	
Uebung	Übung	1	cab	cab	
Contemplation	Kontemplation	1	cab	cab	
Seegens	Segens	1	cab	cab	
Vorurtheil	Vorurteil	1	hegel1+cab	sure	
Schiksal	Schicksal	1	hegel1	sure	
beybehalten	beibehalten	1	hegel1+cab	sure	
Loos	Los	1	hegel1+cab	sure	
Ueberlieferung	Überlieferung	1	cab	cab	
Consequenzen	Konsequenzen	1	hegel1+cab	sure	
Gährung	Gärung	1	hegel1	sure	
vorbey	vorbei	1	hegel1+cab	sure	
Feindseeligkeit	Feindseligkeit	1	cab	cab	
Beurtheilern	Beurteilern	1	cab	cab	
construirenden	konstruierenden	1	cab	cab	
demonstrirte	demonstrierte	1	cab	cab	
affectirter	affektierter	1	manual	sure	
Wissenschafft	Wissenschaft	1	hegel1	sure	
epitomirt	epitomiert	1	manual	sure	
Gemüths	Gemüts	1	hegel1	sure	
unfrey	unfrei	1	mech	mech	
instinctartige	instinktartige	1	hegel1	sure	
Instinct	Instinkt	1	manual	sure	
überläßt	überlässt	1	hegel1	sure	
reflectirtern	reflektiertern	1	manual	sure	
unfreyen	unfreien	1	mech	mech	
Irrthums	Irrtums	1	hegel1	sure	
Reconstruction	Rekonstruktion	1	manual	sure	
Mißverständniß	Missverständnis	1	manual	sure	
müßen	müssen	1	hegel1	sure	
herbeyzubringen	herbeizubringen	1	hegel1+cab	sure	
Theilnahme	Teilnahme	1	hegel1	sure	
räsonnirendem	räsonierendem	1	cab	cab	
ungeschikt	ungeschickt	1	cab	cab	
ohnediß	ohnedies	1	manual	sure	
Verzichtthun	Verzichttun	1	hegel1+cab	sure	
gerathe	gerate	1	cab	cab	
zurükgeflohen	zurückgeflohen	1	cab	cab	
beygemessen	beigemessen	1	cab	cab	
lemmatisch	Lemmatisch	1	cab	cab	
dialectischen	dialektischen	1	manual	sure	
räsonnirende	räsonierende	1	hegel1	sure	
bekanntermassen	bekanntermaßen	1	cab	cab	ß beibehalten (Langvokal angenommen)
beybringen	beibringen	1	cab	cab	
beybringt	beibringt	1	cab	cab	
abschliessen	abschließen	1	cab	cab	ß beibehalten (Langvokal angenommen)
Intellectualansicht	Intellektualansicht	1	cab	cab	
beylegt	beilegt	1	cab	cab	
preißt	preist	1	hegel1+cab	sure	
zweytausendjähriges	zweitausendjähriges	1	cab	cab	
schaal	schal	1	hegel1+cab	sure	
abgetheilt	abgeteilt	1	cab	cab	
sortiren	sortieren	1	cab	cab	
Gemählden	Gemälden	1	cab	cab	
dreyviertel	dreiviertel	1	mech	mech	
zweydritteln	zweidritteln	1	mech	mech	
Definirens	Definierens	1	cab	cab	
Klassificirens	Klassifizierens	1	cab	cab	
Resultirende	Resultierende	1	cab	cab	
Rythmus	Rhythmus	1	hegel1+cab	sure	
Ueberschrift	Überschrift	1	cab	cab	
Abtheilungsbestimmungen	Abteilungsbestimmungen	1	cab	cab	
directer	direkter	1	cab	cab	
Zuthaten	Zutaten	1	cab	cab	
trokne	trockne	1	cab-korrigiert	sure	Elision bleibt (Hausstil)
Reichthums	Reichtums	1	hegel1+cab	sure	
bewußten	bewussten	1	hegel1	sure	
Thieres	Tieres	1	hegel1	sure	
bewußter	bewusster	1	hegel1	sure	
objectivirende	objektivierende	1	cab	cab	
Subjecten	Subjekten	1	hegel1	sure	
Misverständniß	Mißverständnis	1	cab	cab	ß beibehalten (Langvokal angenommen)
Willkührlichem	Willkürlichem	1	cab	cab	
interessirt	interessiert	1	hegel1	sure	
Ueberlegung	Überlegung	1	hegel1	sure	
wohlgethan	wohlgetan	1	cab	cab	
reflectirterer	reflektierterer	1	cab	cab	
Nichtunterschiedenseyns	Nichtunterschiedenseins	1	cab	cab	
nehmlich	nämlich	1	hegel1	sure	
Desorientirung	Desorientierung	1	cab	cab	
Misverständnisse	Missverständnisse	1	hegel1	sure	
beyzubehalten	beizubehalten	1	cab	cab	
herbeyzuführen	herbeizuführen	1	cab	cab	
isolirten	isolierten	1	hegel1+cab	sure	
speculativ	spekulativ	1	cab	cab	
Nebeneinanderseyn	Nebeneinandersein	1	mech	mech	
paralysiren	paralysieren	1	cab	cab	
Verschwundenseyn	Verschwundensein	1	hegel1+cab	sure	
Nichtseyende	Nichtseiende	1	hegel1	sure	
Abtheilungen	Abteilungen	1	cab	cab	
Gräntze	Grenze	1	hegel1	sure	
Accente	Akzente	1	hegel1	sure	
werthlosen	wertlosen	1	hegel1	sure	
Temperiren	Temperieren	1	cab	cab	
seynsollende	seinsollende	1	hegel1	sure	
Vorhandenseyn	Vorhandensein	1	mech	mech	
schliessend	schließend	1	cab	cab	ß beibehalten (Langvokal angenommen)
Ansichseyendes	Ansichseiendes	1	mech	mech	
unstäte	unstete	1	cab	cab	
zweyschneidig	zweischneidig	1	mech	mech	
Nichtseyendes	Nichtseiendes	1	mech	mech	
Gemüth	Gemüt	1	hegel1	sure	
anthut	antut	1	hegel1+cab	sure	
wiederhohlende	wiederholende	1	cab	cab	
Beyschlag	Beischlag	1	mech	mech	
ansichseyn	ansichsein	1	mech	mech	
Schattirung	Schattierung	1	hegel1	sure	
Nichtseyend	Nichtseiend	1	mech	mech	
Wahrhaftseyende	Wahrhaftseiende	1	mech	mech	
begreiffend	begreifend	1	hegel1	sure	
reflectirtseyn	reflektiertsein	1	hegel1	sure	
zweymal	zweimal	1	mech	mech	
Zweyen	Zweien	1	mech	mech	
Bewußtseynslose	Bewusstseinslose	1	cab	cab	
Zweyer	Zweier	1	mech	mech	
Fürsichseyendem	Fürsichseiendem	1	mech	mech	
repellirte	repellierte	1	cab-korrigiert	sure	CAB verworfen
Negirtwerden	Negiertwerden	1	cab	cab	
attrahirt	attrahiert	1	hegel1+cab	sure	
attrahirten	attrahierten	1	cab	cab	
wahrhafften	wahrhaften	1	hegel1	sure	
construirt	konstruiert	1	hegel1+cab	sure	
analysirende	analysierende	1	cab	cab	
Construiren	konstruieren	1	cab	cab	
construirend	konstruierend	1	cab	cab	
äusserlichem	äußerlichem	1	cab	cab	ß beibehalten (Langvokal angenommen)
Festseyn	Festsein	1	mech	mech	
Nöthige	Nötige	1	cab	cab	
zurückgekehrtseyn	zurückgekehrtsein	1	hegel1	sure	
repellirenden	repellierenden	1	cab-korrigiert	sure	CAB verworfen
innwohnende	innewohnende	1	hegel1+cab	sure	
zusammenfliessende	zusammenfließende	1	cab	cab	ß beibehalten (Langvokal angenommen)
Selbstproduciren	Selbstproduzieren	1	cab	cab	
Beysichseyns	Beisichseins	1	mech	mech	
Rothem	rotem	1	cab	cab	
Stätigkeiten	Stetigkeiten	1	cab	cab	
deducirten	deduzierten	1	cab	cab	
Untheilbares	Unteilbares	1	cab	cab	
herbeyführen	herbeiführen	1	cab	cab	
Künsteleyen	Künsteleien	1	cab	cab	
stossen	stoßen	1	hegel1+cab	sure	ß beibehalten (Langvokal angenommen)
Stätige	Stetige	1	cab-korrigiert	sure	substantiviert, groß
protestirt	protestiert	1	cab	cab	
Advocatenbeweis	Advokatenbeweis	1	cab	cab	
discursiver	diskursiver	1	cab	cab	
Mikroscope	Mikroskope	1	cab	cab	
Irrthume	Irrtume	1	hegel1	sure	
Eintheilungsgrunde	Einteilungsgrunde	1	hegel1+cab	sure	
Unterschiedenseyn	Unterschiedensein	1	cab	cab	
Zusammengefügtseyn	Zusammengefügtsein	1	mech	mech	
dreymal	dreimal	1	mech	mech	
Factors	Faktors	1	cab	cab	
beykommen	beikommen	1	cab	cab	
Henas	Hennas	1	cab	cab	
zugemuthet	zugemutet	1	hegel1	sure	
Verrüktheit	Verrücktheit	1	hegel1+cab	sure	
streifft	streift	1	hegel1	sure	
Uebungen	Übungen	1	hegel1	sure	
kännte	kennte	1	cab	cab	
Discretes	Diskretes	1	cab	cab	
aussereinanderseyendes	außereinanderseiendes	1	mech	mech	
discretes	diskretes	1	cab	cab	
zehen	zehn	1	cab	cab	
Aeusserlichseyn	Äusserlichsein	1	mech	mech	
hierbey	hierbei	1	mech	mech	
Centnern	Zentnern	1	cab	cab	
Thoncylinder	Tonzylinder	1	cab-korrigiert	sure	Thon→Ton + c→z
weitgreiffendem	weitgreifendem	1	cab	cab	
Nichtbegrenztseyn	Nichtbegrenztsein	1	mech	mech	
Ueberfliegen	überfliegen	1	cab	cab	
häuffe	häufe	1	cab	cab	
Gebürge	Gebirge	1	cab	cab	
tausendmahlen	Tausendmalen	1	cab	cab	
Aufthürmen	Auftürmen	1	cab	cab	
thaten	taten	1	hegel1	sure	
vielmahl	vielmal	1	cab	cab	
schaale	schale	1	cab	cab	
Vortreflichkeit	Vortrefflichkeit	1	cab	cab	
Tyranney	Tyrannei	1	mech	mech	
reitzen	reizen	1	cab	cab	
abstractern	abstrakteren	1	cab	cab	
Thätigkeiten	Tätigkeiten	1	hegel1+cab	sure	
abgelauffen	abgelaufen	1	cab	cab	
unnöthig	unnötig	1	hegel1+cab	sure	
fliessen	fließen	1	hegel1+cab	sure	ß beibehalten (Langvokal angenommen)
continuirenden	kontinuierenden	1	cab	cab	
continuirte	kontinuierte	1	cab	cab	
passiren	passieren	1	hegel1+cab	sure	
continuire	kontinuiere	1	cab	cab	
Aeußerlichseyn	Äußerlichsein	1	mech	mech	
Nichtsseyns	Nichtsseins	1	mech	mech	
fürsichseyender	fürsichseiender	1	mech	mech	
negirten	negierten	1	cab	cab	
Misbräuchen	Missbräuchen	1	cab	cab	
Competenz	Kompetenz	1	hegel1	sure	
umzustossen	umzustoßen	1	cab	cab	ß beibehalten (Langvokal angenommen)
beybehält	beibehält	1	cab	cab	
Erweiße	Erweise	1	cab	cab	
beurtheilt	beurteilt	1	hegel1+cab	sure	
transcendentalerweise	transzendentalerweise	1	cab	cab	
aufgefaßte	aufgefasste	1	hegel1	sure	
Decimalbrüchen	Dezimalbrüchen	1	cab	cab	
Decimalsystems	Dezimalsystems	1	cab	cab	
summirbar	summierbar	1	cab	cab	
concentrisch	konzentrisch	1	cab	cab	
übertrift	übertrifft	1	cab	cab	
Meynens	Meinens	1	hegel1+cab	sure	
ausserwesentlichen	außerwesentlichen	1	cab	cab	ß beibehalten (Langvokal angenommen)
Theilbare	Teilbare	1	cab	cab	
indeß	indes	1	cab	cab	
Subtraction	Subtraktion	1	cab	cab	
Verhältnißglieder	Verhältnisglieder	1	cab	cab	
Scrupel	Skrupel	1	cab	cab	
Aeltern	Eltern	1	cab	cab	
Wachsthums	Wachstums	1	cab	cab	
Wachsthum	Wachstum	1	cab	cab	
Präcision	Präzision	1	cab	cab	
untheilbares	unteilbares	1	cab	cab	
Quantitätsverhältniß	Quantitätsverhältnis	1	cab	cab	
Naheseyns	Naheseins	1	mech	mech	
Curvenverhältniß	Kurvenverhältnis	1	cab	cab	
Beyhülfe	Beihülfe	1	mech	mech	
Taschenspielerey	Taschenspielerei	1	cab	cab	
Charlatanerie	Scharlatanerie	1	cab	cab	
dargethan	dargetan	1	cab	cab	
lemmatischerweise	Lemmatischerweise	1	cab	cab	
vergeßen	vergessen	1	hegel1	sure	
herbeybringt	herbeibringt	1	hegel1	sure	
lauffen	laufen	1	hegel1	sure	
Analysiren	Analysieren	1	hegel1	sure	
hiebei	hierbei	1	hegel1	sure	
beytragen	beitragen	1	mech	mech	
Uebertragung	Übertragung	1	hegel1	sure	
Beygebrachte	Beigebrachte	1	mech	mech	
beytrage	beitrage	1	hegel1	sure	
Produciren	Produzieren	1	hegel1	sure	
aussersichseyenden	außersichseienden	1	mech	mech	
Hiegegen	Hiergegen	1	hegel1	sure	
Accidentelle	Akzidentelle	1	hegel1	sure	
Phantasterey	Phantasterei	1	mech	mech	
Maaßlosen	Maßlosen	1	cab	cab	ß beibehalten (Langvokal angenommen)
Grundmaaß	Grundmaß	1	cab	cab	ß beibehalten (Langvokal angenommen)
Naturmaaße	Naturmaße	1	cab	cab	ß beibehalten (Langvokal angenommen)
gemeinschafftlichen	gemeinschaftlichen	1	hegel1	sure	
Gliedmassen	Gliedmaßen	1	cab	cab	ß beibehalten (Langvokal angenommen)
reagirt	reagiert	1	cab	cab	
Doppelseyn	Doppelsein	1	mech	mech	
Insichseyende	Insichseiende	1	mech	mech	
absolutfreye	absolutfreie	1	hegel1	sure	
Misbrauch	Missbrauch	1	cab	cab	
nemlichen	nämlichen	1	cab	cab	
Krafft	Kraft	1	hegel1	sure	
fliessend	fließend	1	cab	cab	ß beibehalten (Langvokal angenommen)
Maaßbeziehung	Maßbeziehung	1	cab	cab	ß beibehalten (Langvokal angenommen)
halbfreyen	halbfreien	1	mech	mech	
zweyfaches	zweifaches	1	hegel1	sure	
Maaßlosigkeit	Maßlosigkeit	1	cab	cab	ß beibehalten (Langvokal angenommen)
Ansichbestimmtseyn	Ansichbestimmtsein	1	mech	mech	
aussereinanderseyenden	außereinanderseienden	1	mech	mech	
specifischem	spezifischem	1	cab	cab	
constantes	konstantes	1	cab	cab	
neutralisirend	neutralisierend	1	cab	cab	
neutralisirende	neutralisierende	1	cab	cab	
Maaßmomente	Maßmomente	1	cab	cab	ß beibehalten (Langvokal angenommen)
neutralisirenden	neutralisierenden	1	cab	cab	
Elektricitäten	Elektrizitäten	1	hegel1+cab	sure	
charakterisiren	charakterisieren	1	cab	cab	
modificirt	modifiziert	1	cab	cab	
charakterisirt	charakterisiert	1	hegel1	sure	
neutralisirt	neutralisiert	1	cab	cab	
neuseynwollende	neuseinwollende	1	mech	mech	
Electricitäten	Elektrizitäten	1	hegel1	sure	
Elektricität	Elektrizität	1	hegel1	sure	
representirt	repräsentiert	1	hegel1+cab	sure	
Verhältnißexponent	Verhältnisexponent	1	cab	cab	
amalgamirt	amalgamiert	1	cab	cab	
modificiren	modifizieren	1	cab	cab	
Verhältnißzahl	Verhältniszahl	1	cab	cab	
abstossend	abstoßend	1	cab	cab	ß beibehalten (Langvokal angenommen)
Hinzuthun	Hinzutun	1	cab	cab	
Stikstoff	Stickstoff	1	hegel1+cab	sure	
Stikstoffoxide	Stickstoffoxide	1	cab	cab	
Bleyoxide	Bleioxide	1	cab	cab	
einemmahle	einemmale	1	hegel1	sure	
allmähliges	allmähliches	1	cab	cab	
Allmähligen	Allmählichen	1	cab	cab	
breyartig	breiartig	1	cab	cab	
Consistenz	Konsistenz	1	cab	cab	
sichbestimmtseyn	sichbestimmtsein	1	mech	mech	
Maaßverhältnissen	Maßverhältnissen	1	cab	cab	ß beibehalten (Langvokal angenommen)
Verlauff	Verlauf	1	hegel1	sure	
bestimmtseyend	bestimmtseiend	1	mech	mech	
Nemlich	Nämlich	1	hegel1+cab	sure	
entreissen	entreißen	1	cab	cab	ß beibehalten (Langvokal angenommen)
überwiegendseyn	überwiegendsein	1	mech	mech	
zugetheilt	zugeteilt	1	hegel1	sure	
abgestossene	abgestoßene	1	hegel1	sure	ß beibehalten (Langvokal angenommen)
Vorausgesetztseyn	Vorausgesetztsein	1	mech	mech	
Innbegriff	Inbegriff	1	cab	cab	
ansichseyendes	ansichseiendes	1	hegel1+cab	sure	
Negirens	Negierens	1	cab	cab	
Ueble	Üble	1	cab	cab	
Zurückgekehrtseyns	Zurückgekehrtseins	1	cab	cab	
Abstossung	Abstoßung	1	cab	cab	ß beibehalten (Langvokal angenommen)
insichseyendes	insichseiendes	1	mech	mech	
Particip	Partizip	1	cab	cab	
reflectirtem	reflektiertem	1	cab	cab	
analysirend	analysierend	1	cab	cab	
Meynungen	Meinungen	1	hegel1+cab	sure	
thue	tue	1	hegel1+cab	sure	
gewissermassen	gewissermaßen	1	hegel1+cab	sure	ß beibehalten (Langvokal angenommen)
festhangen	festhängen	1	cab	cab	
Rednerey	Rednerei	1	hegel1+cab	sure	
beyzugesellen	beizugesellen	1	cab	cab	
Gegentheile	Gegenteile	1	hegel1+cab	sure	
darthun	dartun	1	hegel1+cab	sure	
entäusserte	entäußerte	1	hegel1+cab	sure	ß beibehalten (Langvokal angenommen)
eilf	elf	1	cab	cab	
baaren	baren	1	cab	cab	
reducirten	reduzierten	1	hegel1+cab	sure	
subtrahirt	subtrahiert	1	cab	cab	
Subtrahirens	Subtrahierens	1	cab	cab	
Ponirtseyn	Poniertsein	1	cab	cab	
aufschliessenden	aufschließenden	1	cab	cab	ß beibehalten (Langvokal angenommen)
Unmannichfaltiges	Unmannigfaltiges	1	cab	cab	
Schooß	Schoß	1	cab	cab	ß beibehalten (Langvokal angenommen)
Grundvorurtheile	Grundvorurteile	1	cab	cab	
überzugreiffen	überzugreifen	1	cab	cab	
Theilbestimmungen	Teilbestimmungen	1	cab	cab	
rükschlagende	Rückschlagende	1	cab	cab	
thätiges	tätiges	1	hegel1+cab	sure	
materialisiren	materialisieren	1	cab	cab	
zweyseitig	zweiseitig	1	cab	cab	
Dieß	Dies	1	cab	cab	
Thätige	Tätige	1	hegel1+cab	sure	
zulezt	zuletzt	1	cab	cab	
Tavtologieen	Tautologien	1	cab	cab	
Krystallisationsform	Kristallisationsform	1	cab	cab	
Krystallisation	Kristallisation	1	cab	cab	
tavtologisches	tautologisches	1	cab	cab	
abgeschmakt	abgeschmackt	1	cab	cab	
sanctionirt	sanktioniert	1	hegel1+cab	sure	
einzustudiren	einzustudieren	1	cab	cab	
Mistrauen	Misstrauen	1	cab	cab	
Ungewißheit	Ungewissheit	1	hegel1	sure	
verrathen	verraten	1	hegel1+cab	sure	
Daseynsbestimmungen	Daseinsbestimmungen	1	cab	cab	
geniessen	genießen	1	hegel1+cab	sure	ß beibehalten (Langvokal angenommen)
Geständniß	Geständnis	1	hegel1+cab	sure	
Projectil	Projektil	1	cab	cab	
Thür	Tür	1	cab	cab	
Thor	Tor	1	cab	cab	
aufgethan	aufgetan	1	hegel1+cab	sure	
Raisonnement	Räsonnement	1	cab	cab	
entäussernde	entäußernde	1	hegel1+cab	sure	ß beibehalten (Langvokal angenommen)
entäussertes	entäußertes	1	hegel1+cab	sure	ß beibehalten (Langvokal angenommen)
Ausserwesentlichem	Außerwesentlichem	1	cab	cab	ß beibehalten (Langvokal angenommen)
zurükgeblieben	zurückgeblieben	1	cab	cab	
Geschmak	Geschmack	1	cab	cab	
übersezt	übersetzt	1	cab	cab	
Stükchen	Stückchen	1	cab	cab	
Geschmaks	Geschmacks	1	cab	cab	
Mengenverhältniß	Mengenverhältnis	1	cab	cab	
Punctualität	Punktualität	1	hegel1+cab	sure	
Durchdrungenseyn	Durchdrungensein	1	cab	cab	
athmosphärischen	atmosphärischen	1	cab	cab	
athmosphärischer	atmosphärischer	1	cab	cab	
cultivire	kultiviere	1	cab	cab	
Unthätigkeit	Untätigkeit	1	hegel1+cab	sure	
Zurükgehens	Zurückgehens	1	cab	cab	
sichseyendes	sichseiendes	1	mech	mech	
Nähmlich	Nämlich	1	cab	cab	
Unglük	Unglück	1	cab	cab	
getheiltem	geteiltem	1	cab	cab	
Zusammengeflossenseyn	Zusammengeflossensein	1	cab	cab	
zusammengerükt	zusammengerückt	1	cab	cab	
eingedrükt	eingedrückt	1	cab	cab	
äusserndes	äußerndes	1	cab	cab	ß beibehalten (Langvokal angenommen)
äussernde	äußernde	1	cab	cab	ß beibehalten (Langvokal angenommen)
äussernd	äußernd	1	cab	cab	ß beibehalten (Langvokal angenommen)
sollicitirenden	sollizitierenden	1	hegel1+cab	sure	
Anstosse	Anstoße	1	cab	cab	ß beibehalten (Langvokal angenommen)
sollicitiren	sollizitieren	1	hegel1+cab	sure	
reagirende	reagierende	1	cab	cab	
Sollicitiren	Sollizitieren	1	cab	cab	
zurükgenommen	zurückgenommen	1	cab	cab	
Uebergegangenes	Übergegangenes	1	cab	cab	
Innwohnen	Innewohnen	1	cab	cab	
zurükkehrt	zurückkehrt	1	cab	cab	
gleichseyende	gleichseiende	1	mech	mech	
Manifestiren	Manifestieren	1	cab	cab	
negirender	negierender	1	cab	cab	
Leibnizischen	Leibnizschen	1	cab	cab	
Offenbahren	Offenbaren	1	cab	cab	
Actionen	Aktionen	1	cab	cab	
Cohärenz	Kohärenz	1	cab	cab	
zurükgehen	zurückgehen	1	cab	cab	
Maal	Mal	1	cab	cab	
aufdrükte	aufdrückte	1	cab	cab	
widerstandloses	widerstandsloses	1	cab	cab	
Sollicitation	Sollizitation	1	cab	cab	
Accidentelles	Akzidentelles	1	cab	cab	
Subsistiren	Subsistieren	1	cab	cab	
adjectives	Adjektives	1	cab	cab	
Thätigen	Tätigen	1	cab	cab	
gestossenen	gestoßenen	1	cab	cab	ß beibehalten (Langvokal angenommen)
mittheilte	mitteilte	1	cab	cab	
Beywesen	Beiwesen	1	cab	cab	
Gemähldes	Gemäldes	1	cab	cab	
verstekt	versteckt	1	cab	cab	
jonische	ionische	1	cab	cab	
Clima	Klima	1	cab	cab	
Ehrgeitz	Ehrgeiz	1	cab	cab	
Mahlerey	Mahlerei	1	mech	mech	
Stengel	Stängel	1	cab	cab	
erstrekt	erstreckt	1	cab	cab	
verhältnißlos	verhältnislos	1	cab	cab	
zurükzukehren	zurückzukehren	1	cab	cab	
inhärirte	inhärierte	1	cab	cab	
anzuthun	anzutun	1	hegel1+cab	sure	
rükwirkende	rückwirkende	1	cab	cab	
erwekt	erweckt	1	cab	cab	
Activen	Aktiven	1	cab	cab	
Beurtheiler	Beurteiler	1	cab	cab	
entschliessen	entschließen	1	cab	cab	ß beibehalten (Langvokal angenommen)
werthgeachtetem	wertgeachtetem	1	cab	cab	
Vorraths	Vorrats	1	cab	cab	
abgethanes	abgetanes	1	cab	cab	
ungetheilten	ungeteilten	1	hegel1+cab	sure	
Erkenntnißbestimmungen	Erkenntnisbestimmungen	1	cab	cab	
manifestirtes	Manifestiertes	1	cab	cab	
activer	aktiver	1	cab	cab	
nothwendiger	notwendiger	1	hegel1+cab	sure	
angreiffen	angreifen	1	cab	cab	
Innhalt	Inhalt	1	hegel1+cab	sure	
deducirte	deduzierte	1	cab	cab	
häuffen	häufen	1	cab	cab	
scientifischen	szientifischen	1	cab	cab	
geläuffiges	geläufiges	1	cab	cab	
Categorie	Kategorie	1	cab	cab	
Stuffenleiter	Stufenleiter	1	cab	cab	
Actus	Aktus	1	cab	cab	
nöthige	nötige	1	hegel1+cab	sure	
wegläst	weglässt	1	cab	cab	
vortreflicher	vortrefflicher	1	cab	cab	
constitutives	Konstitutives	1	cab	cab	
aufschliessen	aufschließen	1	hegel1+cab	sure	ß beibehalten (Langvokal angenommen)
grossem	großem	1	cab	cab	ß beibehalten (Langvokal angenommen)
Vernunfterkenntniß	Vernunfterkenntnis	1	cab	cab	
Freyen	Freien	1	cab	cab	
reflektirende	reflektierende	1	cab	cab	
prädiciren	prädizieren	1	cab	cab	
Gemeyntes	Gemeintes	1	hegel1+cab	sure	
beybehaltenen	beibehaltenen	1	cab	cab	
Beybehaltens	Beibehaltens	1	cab	cab	
Seeligkeit	Seligkeit	1	hegel1+cab	sure	
Abstractere	Abstraktere	1	cab	cab	
subordinirt	subordiniert	1	cab	cab	
freygegeben	freigegeben	1	cab	cab	
Hieher	Hierher	1	hegel1+cab	sure	
begränzte	begrenzte	1	cab	cab	
Reiffe	Reife	1	cab	cab	
zugreifft	zugreift	1	cab	cab	
überfliessenden	überfließenden	1	cab	cab	ß beibehalten (Langvokal angenommen)
Ueberflüssigkeiten	Überflüssigkeiten	1	cab	cab	
contradictorische	kontradiktorische	1	cab	cab	
subordinirte	subordinierte	1	cab	cab	
coordinirte	koordinierte	1	cab	cab	
Contrarietät	Kontrarietät	1	cab-korrigiert	sure	CAB Kontrarität verworfen
Coordination	Koordination	1	cab	cab	
Combiniren	Kombinieren	1	cab	cab	
liessen	ließen	1	hegel1+cab	sure	ß beibehalten (Langvokal angenommen)
todtliegendes	Totliegendes	1	cab	cab	
müssiger	müßiger	1	cab	cab	ß beibehalten (Langvokal angenommen)
Beywesens	Beiwesens	1	mech	mech	
Zusammengegangenseyn	Zusammengegangensein	1	cab	cab	
Beylegens	Beilegens	1	cab	cab	
Urtheilens	Urteilens	1	hegel1+cab	sure	
Zweiffel	Zweifel	1	cab	cab	
scheintodt	scheintot	1	cab	cab	
resultirte	resultierte	1	cab	cab	
continuirendes	kontinuierendes	1	cab	cab	
Rothe	Rote	1	cab	cab	
dreyeckigte	dreieckige	1	cab	cab	
farbigtes	farbiges	1	cab-korrigiert	sure	Kleinschreibung; CAB Großschreibung verworfen
Parthey	Partei	1	hegel1+cab	sure	
Reflexionsurtheilen	Reflexionsurteilen	1	cab	cab	
Continuitäten	Kontinuitäten	1	cab	cab	
accidentelles	akzidentelles	1	cab-korrigiert	sure	Kleinschreibung; CAB Großschreibung verworfen
comprehensiv	komprehensiv	1	cab	cab	
anticipirte	antizipierte	1	hegel1+cab	sure	
particularisirt	partikularisiert	1	hegel1+cab	sure	
vergrösserte	vergrößerte	1	hegel1	sure	ß beibehalten (Langvokal angenommen)
Uebereinkunft	Übereinkunft	1	hegel1+cab	sure	
verlauffende	verlaufende	1	cab	cab	
abgestossenen	abgestoßenen	1	hegel1+cab	sure	ß beibehalten (Langvokal angenommen)
sämmtlich	sämtlich	1	cab	cab	
Conträre	Konträre	1	cab	cab	
Contradictorische	Kontradiktorische	1	cab	cab	
Conträr	Konträr	1	cab	cab	
Räsonement	Räsonnement	1	cab	cab	
Vereinzelnte	Vereinzelte	1	cab	cab	
Begriffsurtheils	Begriffsurteils	1	cab	cab	
Uebersinnlichen	Übersinnlichen	1	hegel1+cab	sure	
Vermitteltseyn	Vermitteltsein	1	cab	cab	
Zweyseitigkeit	Zweiseitigkeit	1	cab	cab	
correspondirende	korrespondierende	1	cab	cab	
prädicirt	prädiziert	1	hegel1+cab	sure	
Cometen	Kometen	1	cab	cab	
Socialität	Sozialität	1	cab	cab	
Schluße	Schlusse	1	hegel1+cab	sure	
particulär	partikulär	1	cab	cab	
comprehensiven	komprehensiven	1	cab	cab	
müssigem	müßigem	1	cab	cab	ß beibehalten (Langvokal angenommen)
Eckel	Ekel	1	cab	cab	
meynte	meinte	1	hegel1+cab	sure	
studirt	studiert	1	cab	cab	
grösten	größten	1	cab	cab	ß beibehalten (Langvokal angenommen)
dreissig	dreißig	1	hegel1+cab	sure	ß beibehalten (Langvokal angenommen)
Papagey	Papagei	1	mech	mech	
Unwerth	Unwert	1	cab	cab	
inconsequenter	inkonsequenter	1	cab	cab	
contrastiren	kontrastieren	1	cab	cab	
comprehensivem	komprehensivem	1	cab	cab	
weitläuffige	weitläufige	1	cab	cab	
todtes	totes	1	hegel1+cab	sure	
verruffenen	verrufenen	1	cab	cab	
consequenteste	konsequenteste	1	cab	cab	
Verhältnißunterschiede	Verhältnisunterschiede	1	cab	cab	
Formirung	Formierung	1	hegel1+cab	sure	
concretem	konkretem	1	cab	cab	
Thiers	Tiers	1	cab	cab	
Aehnlichkeit	Ähnlichkeit	1	cab	cab	
zusammenschliessende	zusammenschließende	1	cab	cab	ß beibehalten (Langvokal angenommen)
zusammengefaßte	zusammengefasste	1	hegel1	sure	
durchlauffendes	durchlaufendes	1	cab	cab	
Zusammengefaßtseyn	Zusammengefasstsein	1	hegel1	sure	
foderndes	forderndes	1	cab	cab	
Formthätigkeit	Formtätigkeit	1	cab	cab	
Uebersetzens	Übersetzens	1	hegel1+cab	sure	
befreyten	befreiten	1	cab	cab	
Schattirungen	Schattierungen	1	hegel1+cab	sure	
Rechtthun	Rechttun	1	cab	cab	
Selbstthätigkeit	Selbsttätigkeit	1	hegel1+cab	sure	
abstossender	abstoßender	1	cab	cab	ß beibehalten (Langvokal angenommen)
aggregiren	aggregieren	1	cab	cab	
Athmosphäre	Atmosphäre	1	cab	cab	
mittheilungsfähig	mitteilungsfähig	1	cab	cab	
Mittheilbare	Mitteilbare	1	cab	cab	
Stosses	Stoßes	1	cab	cab	ß beibehalten (Langvokal angenommen)
unverhältnißmäßig	unverhältnismäßig	1	cab	cab	ß beibehalten (Langvokal angenommen)
freyhängendes	freihängendes	1	cab	cab	
Reitzmitteln	Reizmitteln	1	cab	cab	
consequente	konsequente	1	cab	cab	
Ueberwältigung	Überwältigung	1	cab	cab	
Capacität	Kapazität	1	cab	cab	
Thatlose	Tatlose	1	cab	cab	
entäusserten	entäußerten	1	hegel1+cab	sure	ß beibehalten (Langvokal angenommen)
stossend	stoßend	1	cab	cab	ß beibehalten (Langvokal angenommen)
Centralindividuum	Zentralindividuum	1	cab	cab	
Centralindividuen	Zentralindividuen	1	cab	cab	
bethätigen	betätigen	1	cab	cab	
Aggregirungen	Aggregierungen	1	cab	cab	
Objectes	Objektes	1	cab	cab	
objectivirten	objektivierten	1	cab	cab	
Objectivitäten	Objektivitäten	1	cab	cab	
Parthien	Partien	1	cab	cab	
Ingredientien	Ingredienzien	1	cab	cab	
differentiirenden	differenzierenden	1	cab	cab	
zutheilt	zuteilt	1	cab	cab	
objectivirt	objektiviert	1	cab	cab	
dirimirende	dirimierende	1	cab	cab	
realisirend	realisierend	1	cab	cab	
Unfreyheit	Unfreiheit	1	cab	cab	
Naturnothwendigkeit	Naturnotwendigkeit	1	hegel1+cab	sure	
Ueberschritt	Überschritt	1	cab	cab	
Spielerey	Spielerei	1	cab	cab	
eckelhaft	ekelhaft	1	cab	cab	
bemerkenswerth	bemerkenswert	1	cab	cab	
subsumire	subsumiere	1	cab	cab	
reflectirendes	reflektierendes	1	hegel1+cab	sure	
Erkenntnißvermögens	Erkenntnisvermögens	1	cab	cab	
geäussert	geäußert	1	hegel1+cab	sure	ß beibehalten (Langvokal angenommen)
ausserweltliche	außerweltliche	1	cab	cab	ß beibehalten (Langvokal angenommen)
Zusammenschliessende	Zusammenschließende	1	cab	cab	ß beibehalten (Langvokal angenommen)
ebendeßwegen	ebendeswegen	1	cab	cab	
Character	Charakter	1	cab	cab	
distinct	distinkt	1	cab	cab	
zusammenschliessenden	zusammenschließenden	1	cab	cab	ß beibehalten (Langvokal angenommen)
subsumirte	subsumierte	1	cab	cab	
hervorgethan	hervorgetan	1	cab	cab	
congruirender	kongruierender	1	cab	cab	
Beruffung	Berufung	1	hegel1+cab	sure	
Willkührliche	Willkürliche	1	cab	cab	
congruire	kongruiere	1	cab	cab	
Maasstab	Maßstab	1	cab	cab	ß beibehalten (Langvokal angenommen)
bewußte	bewusste	1	hegel1	sure	
Todte	Tote	1	hegel1+cab	sure	
Obiects	Objekts	1	cab	cab	
inhärirend	inhärierend	1	cab	cab	
Todtes	Totes	1	hegel1+cab	sure	
Producirende	Produzierende	1	cab	cab	
constituirten	konstituierten	1	cab	cab	
Eröfnung	Eröffnung	1	cab	cab	
Reproductionsproceß	Reproduktionsprozess	1	cab-korrigiert	sure	c→k + ß→ss
realisirter	realisierter	1	cab	cab	
transcendentales	transzendentales	1	cab	cab	
vermeynte	vermeinte	1	hegel1+cab	sure	
Ueberfliegendes	Überfliegendes	1	cab	cab	
innwohnt	innewohnt	1	cab	cab	
theilhaftig	teilhaftig	1	cab	cab	
Ansichseyenden	Ansichseienden	1	hegel1	sure	
Aussenwelt	Außenwelt	1	cab	cab	ß beibehalten (Langvokal angenommen)
Schaale	Schale	1	hegel1+cab	sure	
beträffe	beträfe	1	cab	cab	
Analysirens	Analysierens	1	cab	cab	
Verhältnißbegriffe	Verhältnisbegriffe	1	cab	cab	
producirenden	produzierenden	1	cab	cab	
Erkenntnißweise	Erkenntnisweise	1	cab	cab	
Begränzen	Begrenzen	1	cab-korrigiert	sure	substantivierter Infinitiv, groß
gelößt	gelöst	1	cab	cab	
addire	addiere	1	cab	cab	
Decimalzahlen	Dezimalzahlen	1	cab	cab	
beweißt	beweist	1	hegel1+cab	sure	
Definiren	Definieren	1	cab	cab	
distinctive	distinktive	1	cab	cab	
Nothbehelfe	Notbehelfe	1	cab	cab	
charakterisirendes	charakterisierendes	1	cab	cab	
Begriffsurtheil	Begriffsurteil	1	cab	cab	
definirende	definierende	1	cab	cab	
Thiergattung	Tiergattung	1	cab	cab	
obliterirt	obliteriert	1	cab	cab	
Erkenntnißgemäßer	Erkenntnisgemäßer	1	cab	cab	ß beibehalten (Langvokal angenommen)
Abstractem	Abstraktem	1	cab	cab	
Concretem	Konkretem	1	cab	cab	
Spectrum	Spektrum	1	cab	cab	
Eintheilungsgeschäft	Einteilungsgeschäft	1	cab	cab	
Eintheilungsglied	Einteilungsglied	1	cab	cab	
Instincte	Instinkte	1	hegel1+cab	sure	
weitdurchgreiffender	weitdurchgreifender	1	cab	cab	
Befruchtungstheile	Befruchtungsteile	1	cab	cab	
demonstrirt	demonstriert	1	cab	cab	
deducirt	deduziert	1	cab	cab	
Representant	Repräsentant	1	cab	cab	
einschliessen	einschließen	1	cab	cab	ß beibehalten (Langvokal angenommen)
Herbeyschaffung	Herbeischaffung	1	cab	cab	
dirigirtes	Dirigiertes	1	cab	cab	
Figuriren	Figurieren	1	cab	cab	
analysiren	analysieren	1	cab	cab	
Contrast	Kontrast	1	hegel1+cab	sure	
Ueberzuge	Überzuge	1	cab	cab	
Credit	Kredit	1	cab	cab	
Demonstrirens	Demonstrierens	1	cab	cab	
demonstriren	demonstrieren	1	cab	cab	
Jacobischen	Jakobischen	1	cab	cab	
Willkührliches	Willkürliches	1	cab	cab	
mehrerley	mehrerlei	1	cab	cab	
postulirt	postuliert	1	hegel1+cab	sure	
Verwirklichtseyn	Verwirklichtsein	1	cab	cab	
reproducirt	reproduziert	1	cab	cab	
wahrhaftseyende	wahrhaftseiende	1	cab-korrigiert	sure	CAB seiernde verworfen
beruffen	berufen	1	hegel1+cab	sure	
begreiffendes	begreifendes	1	hegel1+cab	sure	
Vorwartsgehen	Vorwärtsgehen	1	cab	cab	
foderte	forderte	1	cab	cab	
greiffen	greifen	1	hegel1+cab	sure	
Laërtius	Laertius	1	cab	cab	
Thales	Tales	1	cab	cab	
Alterthume	Altertume	1	cab	cab	
solchermassen	solchermaßen	1	cab	cab	ß beibehalten (Langvokal angenommen)
geräth	gerät	1	hegel1+cab	sure	
Grundvorurtheil	Grundvorurteil	1	cab	cab	
objectivste	objektivste	1	cab	cab	
Freyes	Freies	1	cab	cab	
Verlauffe	Verlaufe	1	hegel1+cab	sure	
Construirens	Konstruierens	1	cab	cab	
Schaalheit	Schalheit	1	cab	cab	
ruckwarts	rückwärts	1	cab	cab	
vorwarts	vorwärts	1	cab	cab	
Reichthume	Reichtume	1	hegel1+cab	sure	
Subjectivste	Subjektivste	1	cab	cab	
vorwartsgehende	vorwärtsgehende	1	cab	cab	
deprecirt	depreziert	1	cab	cab	
protestiren	protestieren	1	cab	cab	
Anmassungen	Anmaßungen	1	cab	cab	ß beibehalten (Langvokal angenommen)
Gewordenseyn	Gewordensein	1	hegel1+cab	sure	
