volume	page	verdict	certainty	prev_tail	next_head
21	6	join	sure	sey. – Indem so die Wissenschaft	und der gemeine Menschenverstand sich in
21	7	join	sure	thun und sich widersprechend dagegen benehmen,	so haben sie dafür die Consequenzen
21	8	join	sure	*Inhalts* seyn, welche sich im wissen-	schaftlichen Erkennen *bewegt*, indem zugleich diese
21	9	join	sure	das äusserliche Verhältniß betrift, so war	dem ersten Theil *des* *Systems* *der*
21	11	join	sure	als das Physikalische, dem Geistigen gegenüber,	so müßte man sagen, daß das
21	12	join	sure	die Realität, in welcher ihre Gegen-	stände sich festhalten, dieses Zwingende mit
21	13	join	sure	In den stillen Räumen des zu	sich selbst gekommenen und nur in
21	14	join	sure	daß wir sie im Besitz haben,	noch weniger daß sie bey unserer
21	15	join	sure	ist das weiter damit Zusammenhängende, nach	welchem sie als äussere Formen gefaßt
21	16	join	sure	dem was er *wirklich* ist, sondern	dessen als was er *sich* *weiß*;
21	17	join	sure	für das Denken der Vernunft sind,	– das ebenso gerechte Bewußtseyn festgesetzt,
21	18	join	sure	sie in die Sprache hereintreten, ungegen-	ständlich, unbeachtet bleiben, abhandelt, auch die
21	19	join	sure	weniger zu rechtfertigen, als solches *Anderes*	andere Denkbestimmungen und Begriffe sind, in
21	20	new	uncertain	die Production der ganzen Entwicklung verschaft.	Bey der Erwähnung platonischer Darstellung kann,
21	28	new	uncertain	ist, der Vorstellung näher zu bringen.	Wenn die Logik als die Wissenschaft
21	29	join	sure	jener neblichten Unbestimmtheit gelassen, sondern be-	stimmter genommen wird, so ist jede
21	30	join	sure	Wahrheit, nur die Erscheinung zu erkennen,	nur etwas, dem die Natur der
21	31	join	sure	für die Erfahrung als geltend gelassen	werden, so hat die Kritik keine
21	32	join	sure	wird. Diese Wissenschaft, in dem Zustan-	de, worin sie sich noch befindet,
21	33	join	sure	leisten, daß er vor die Vorstel-	lung gebracht und eine historische Kenntniß
21	34	join	sure	*an* *und* *für* *sich* *seyende* ist.	Dieses objective Denken ist denn der
21	35	join	sure	daß das Erschlossene nicht ein dem	Gegenstande Aeusserliches und Fremdes sey, sondern
21	36	join	sure	reines Wesen, befindet, zeigt einen zu	großen Unterschied, als daß es nicht
21	37	join	sure	daher nicht mit Unrecht dieses Denken	dem Rechnen und das Rechnen wieder
21	38	join	sure	deren jede in ihrer Realisirung sich	zugleich selbst auflöst, ihre eigene Negation
21	39	join	sure	das Ganze der Ausführung schon durchlaufen	hat, daher die Folge seiner Momente
21	40	join	sure	kann sagen, gänzlich verkannt worden, erhält	dadurch eine ganz andere Stellung. –
21	41	join	sure	des Positiven im Negativen, besteht *das*	*Speculative*. Es ist die wichtigste, aber
21	42	join	sure	*Wahrheit* zu enthüllen, hat diese Wis-	senschaft in ihrer abstracten Gestalt, in
21	43	join	sure	des Bewußtseyns. Es treibt darin ein	von sinnlichen Anschauungen und Zwecken, von
21	45	join	sure	hier gleichfalls als eine *Voraussetzung* angegeben	worden. Die Logik bestimmte sich darnach
21	46	join	sure	in die Logik des *Begriffs* als	*Seyns*, und des Begriffs *als* *Begriffs*,
21	47	join	sure	dem, was gewöhnlich Logik genannt worden,	noch eine, nemlich eine *transcendentale* *Logik*
21	48	join	sure	sollte aber nicht mehr Bewußtseyn genannt	werden; Bewußtseyn schließt den Gegensatz des
21	49	join	sure	sowohl *Seyn* als *Wesen* in sich,	für welchen Unterschied unsere Sprache glücklicherweise
21	54	join	sure	das Benehmen des *Erkennens* zu ach-	ten getrieben ist, so wird auch
21	55	join	sure	zu ihrer Voraussetzung, welche die Nothwendigkeit	und damit den Beweis der Wahrheit
21	56	join	sure	das *reine* Wissen nichts heißen soll,	als das Wissen als solches, ganz
21	57	join	sure	die Philosophie nur mit einem *hypothe-*	*tischen* und *problematischen* Wahren anfangen, und
21	58	join	sure	zurückgeht, als *Resultat* zu betrachten. Nach	dieser Rücksicht ist das Erste eben
21	59	join	sure	selbst mit der Vergleichung dieser Linien	oder Winkel anzufangen; für sich an
21	60	join	sure	Anfang angenommene Bestimmung *des* *Seyns* könnte	weggelassen werden, so daß nur gefordert
21	61	join	sure	thun wäre. In diesem Sinne wür-	den, wie jener abstracte Begriff die
21	62	join	sure	eine Bewegung, die das Gegentheil des	analytischen Verfahrens ist, eines der Sache
21	63	join	sure	damit sogleich zufälliger Inhalt; Ich hinge-	gen ist die einfache Gewißheit seiner
21	64	join	sure	werden sollen, und erhält die Vorstellung	gegenwärtig, als ob die Sätze und
21	65	join	sure	dieses Wissens eintritt. Die intellectuelle Anschauung	ist wohl die gewaltsame Zurückweisung des
21	67	join	sure	mit dem Seyn *als* *solchem* macht,	daher mit dem qualitativen Seyn. Aus
21	69	join	sure	auch nicht ungleich gegen anderes, hat	keine Verschiedenheit innerhalb seiner, noch nach
21	70	join	sure	einen in dem andern; *das* *Wer-*	*den*; eine Bewegung, worin beyde unterschieden
21	71	join	sure	denen in der Metaphysik große Bedeu-	tung zugeschrieben wurde. Es ist darin
21	72	join	sure	sondern in einer weitern Bestimmung, und	werden z. B. als *Positives* und
21	73	join	sure	der ganzen Welt, steht. In Rücksicht	des wechselbestimmenden Zusammenhangs des Ganzen konnte
21	74	join	sure	haben keine andere Inhaltsbestimmung als diese.	Für diesen als isolirt betrachteten Inhalt
21	75	join	sure	Unterschied bloß aufs Seyn und Nichtseyn	hinausschieben, ob ich die hundert Thaler
21	76	join	sure	ein bestimmtes Seyn, das Daseyn, vor-	schwebt, ist zu dem erwähnten Anfange
21	77	join	sure	seine Existenz »herausklauben«; aus diesem Herausklauben	aber der Existenz Gottes aus seinem
21	78	join	sure	dieses *an* *sich* selbst. Der Umstand	aber, auf den hier aufmerksam zu
21	79	join	sure	eine Einheit so vorhanden, daß da-	bey die vollkommene *Gleichgültigkeit* der Gegenstände
21	80	join	sure	Seyn und Nichts anzugeben, schließt auch	die in sich, zu sagen, was
21	81	join	sure	*zwischen* ihnen geschehend vorgestellt wird. Wo	und Wie nun vom Seyn oder
21	82	join	sure	könne, daß *von* *aussen* etwas Frem-	des daran geknüpft würde. Der Fortgang,
21	83	join	sure	vermannichfaltiget; – jedes ist nur *Eines*	und *kein* *Anderes*; – eine Einerleyheit,
21	84	join	sure	ich alle Bewegung, und mir gera-	de diß *Vergessen*, weil es das
21	85	join	sure	Wiederhohlen der Wiederhohlung ist die alleinige	Geschäftigkeit, Function und Production der allerreinsten
21	86	join	sure	als *Unbestimmte* bestimmt, was – um	zu seiner einfachsten Form zurückzugehen, das
21	87	join	sure	unmittelbare Seyn und selbst noch viel-	mehr. Das Kürzeste ist solches Räsonniren
21	88	new	sure	hat, und eine äussere Reflexion ist.	Wie hier das Eine mit dem
21	89	join	sure	daß das Daseyn des Nichts durchaus	nichts ihm selbst zukommendes sey, daß
21	90	join	sure	auch wegen ihrer Einfachheit selbst erscheint	die Einsicht, daß die Negation der
21	91	join	sure	werden. – Jene einfache gewöhnliche Dialektik	beruht auf dem Festhalten des Gegensatzes
21	92	join	sure	Größen; – nicht *nach* ihrem Ver-	schwinden, denn alsdann sind sie nichts.
21	93	new	sure	herab, *noch* *unterschiedenen*, aber zugleich aufgehobenen.	Nach dieser ihrer Unterschiedenheit sie aufgefaßt,
21	94	join	sure	auf dem Unterschiede derselben. Es widerspricht	sich also in sich selbst, weil
21	95	join	sure	mehrere dergleichen. Der Doppelsinn des lateini-	schen: tollere (der durch den ciceronianischen
21	98	join	sure	unberechtigte Behauptungen, Gründe und Grundlagen für	das Weitere auszusehen. Man soll sie
21	99	join	uncertain	sich weiterhin als Gräntze, Schranke bestimmt.	Beyde sind ein Daseyn, aber in
21	100	join	sure	damit wird aber alle Bestimmtheit derselben	aufgehoben. Die Realität ist Qualität, Daseyn;
21	101	new	sure	Seyn, dasselbe was das Nichts ist.	Die Bestimmtheit ist die Negation als
21	102	join	sure	Bestimmungen, wird sie dem *Positiven* entgegenge-	setzt, welches die auf die Negation
21	103	join	sure	dem Daseyn angehörig. So ist die	Qualität überhaupt nicht vom Daseyn getrennt,
21	104	join	sure	die ganz abstracte Vermittlung; die Vermittlung	mit *sich* ist im Etwas *gesetzt*,
21	105	join	sure	die negative Bestimmung, die im Da-	seyn liegt, welche dort nur erst
21	106	new	sure	also nicht selbst ein Anderes wäre.	Beyde sind sowohl als *Etwas* als
21	107	new	sure	Verneinung zugleich auch erhält, nur *Seyn-für-Anderes*.	Es erhält sich in seinem Nichtdaseyn,
21	108	new	sure	selbst *ist* *das* *Nicht-seyn* des Seyns-für-Anderes.	Das *Seyn-für-Anderes* aber ist erstlich Negation
21	109	join	sure	nicht wissen, was die Dinge an	sich sind, eine vielgeltende Weisheit war.
21	110	join	sure	Unendliche; ihr Sinn erscheint als vollen-	det auch ohne ihr Anderes. Das
21	111	join	sure	in seiner Gleichheit mit sich erhält,	sie in seinem Seyn-für-Anderes geltend macht.
21	112	join	sure	Veränderung in die Beschaffenheit; sie ist	*am* Etwas das, was ein Anderes
21	113	new	sure	immanent gesetzt, als sein entwickeltes Insichseyn.	Zunächst ist das Uebergehen der Bestimmung
21	114	join	sure	beziehendes Daseyn und hat eine Grenze	zunächst als gegen Anderes; sie ist
21	115	join	sure	seinem Andern unterschieden; es ist nur	Daseyn, hat also mit seinem Andern
21	116	join	sure	*an* *sich* *bewegt* und sie ent-	stehen macht, u.s.f. – liegt in
21	118	join	sure	bleibt es absolut auf seiner ei-	genen Seite; Affirmation erhielte es vom
21	119	join	sure	ferner das Andersseyn als *Grenze*, selbst	als Negation der Negation, bestimmt ist,
21	120	join	sure	ihm selbst schon immanente Grenze ist	es beschränkt, aber diese seine Beschränkung
21	121	new	sure	*der* *Bestimmtheit* oder der Grenze gespielt.	*Du* *kannst*, *weil* *du* *sollst*, –
21	122	join	sure	der er an sich ist, enthält	die Identität mit seinem Andern. Ist
21	123	new	sure	für die Pflanze aber nicht ist.	Das *Sollen* andererseits ist das Hinausgehen
21	124	join	sure	ist; dieses aber ist dieselbe Entzweyung	des *Ansichseyns* und des *Daseyns* wie
21	127	new	sure	Daseyn, das ein bestimmtes ist, hat.	So das Unendliche gegen das Endliche
21	128	join	sure	unmittelbar von sich ab, und quali-	tativ davon getrennt, setzt es sie
21	129	join	sure	als ein dem Unendlichen äusserliches Geschehen,	und die neue Grenze als ein
21	130	new	sure	langweilige *Abwechslung* dieses Endlichen und Unendlichen.	Die Unendlichkeit des unendlichen Progresses bleibt
21	131	join	sure	enthält; es bedarf nur der Verglei-	chung dieser verschiedenen Momente, in welcher
21	132	join	sure	soll, geben ein und dasselbe Resul-	tat; das Unendliche und Endliche nach
21	133	join	sure	gleichfalls als das nicht negirte, obgleich	an sich Nichtige, festgehalten, so daß
21	134	join	sure	Negation der Negation ist. Diese Bestim-	mungen sind es, die wesentlich ins
21	135	join	sure	weiter hinausgeschoben, weder von dem Endli-	chen entfernt worden, denn dieses ist
21	136	join	sure	der Endlichen zu seyn, und diesen	Unterschied seiner von sich selbst zur
21	137	new	sure	Daseyn, Realität, Endlichkeit, die geläufigsten sind.	Hier hat die Zurückrufung der Kategorie
21	138	join	sure	das Sollen, sind der Ausdruck eines	*Widerspruchs*, der sich selbst für die
21	139	join	sure	leichte Foderung, welche um die Natur	des Unendlichen einzusehen, gemacht wird, das
21	140	join	sure	betrachten wir diese Frage nur in	ihrer Unmittelbarkeit, und in Rücksicht des
21	141	join	sure	diese, daß es nicht ein Un-	endliches *gibt*, das *vorerst* unendlich ist,
21	142	new	sure	Anderes *an* *ihm* *selbst* zu haben.	Jene Frage, wie das Unendliche zum
21	143	join	sure	so ist dabey auf dieselbe Doppel-	seite vorläuffig aufmerksam zu machen, die
21	147	join	sure	so ist es das Fürsichseyende, als	Aufgehobenseyn des Andersseyns, selbst, welches sich
21	148	join	sure	Geist ist nur für den Geist,	Gott nur für Gott, und nur
21	149	new	sure	reinen speculativen, allein wahrhaft begründenden, Denkens.	Der *Leibnitz*ische Idealismus liegt mehr innerhalb
21	150	join	sure	*sich* *selbst* *sich* *äusserlich* ist. Es	wird von der Einheit der absoluten
21	151	join	sure	*Momente* des Fürsichseyns sind in *Unterschieds-*	*losigkeit* zusammengesunken, welche Unmittelbarkeit oder Seyn
21	152	join	sure	absolute Vereinigung der Beziehung auf Anderes	und der Beziehung auf sich; aber
21	154	join	sure	daß das atomistische Princip sich jederzeit	erhalten hat; das gleich triviale und
21	155	join	sure	Aeusserlichkeit und damit der höchsten Begriff-	losigkeit, leidet die Physik in den
21	156	join	sure	des Eins vorhanden; und zweytens insofern	sie negativ und das Eins seyendes
21	157	join	sure	*für* *einander* seyn sollen. Die Grenze	ist das, worin die Begrenzten eben
21	158	join	sure	*selbst* die beyden Momente des Fürsichseyns	und des Für-es-seyns enthält, also als
21	159	join	sure	in einem Dritten als Vieles unterschieden	wären, sondern ihr eigenes sie erhaltendes
21	160	new	sure	Setzen nach nur *Eine* affirmative Einheit.	Diese Betrachtung der Eins, daß sie
21	161	join	sure	dieses Thuns. Die Versöhnung ist die	Anerkennung dessen, gegen welches das negative
21	162	join	sure	die Repulsion, daß sie diese zur	*Voraussetzung* hat. Die Repulsion liefert die
21	163	join	sure	ausser der andern steht, so daß	sie jedoch wesentlich zusammenhängen. Die noch
21	164	join	sure	der Attraction Repulsion ist. Daß aber	darin die Vermittlung durch *Anderes* mit
21	165	join	sure	ihrer an ihr selbst, und da-	mit auch die Continuität ihrer in
21	166	join	sure	*sich* darin, in der Einheit des	*Seyns* und *Nichts*, vorhanden ist, fällt
21	167	join	sure	die Materie die Kräfte *in* *sich*	*habe*, so ist unter dieser ihrer
21	168	join	sure	*weil* *wir* *uns* *die* *Materie* *un-*	*durchdringlich* *vorstellen*, indem diese nemlich dem
21	169	join	sure	die *Attraction* der Theile desselben ge-	geneinander. Aus dieser Wahrnehmung kann die
21	170	new	uncertain	und für sich selbstständige *gegen* *einander.*	So nichtig der selbstständige Unterschied dieser
21	171	join	sure	nur Ein Atom activ sich verhiel-	te. – Unmittelbar oder in Rücksicht
21	172	join	sure	die Materie einen Raum *erfüllen*, somit	durch sie der leere Raum, den
21	174	join	sure	sich hinausgehende, sich selbst negirende; es	verfällt als diß Andersseyn des Andersseyn
21	175	new	sure	der fremden Sprache gebraucht werden muß.	Die Definition, welche in der Mathematik
21	177	join	uncertain	Eins in ihre von ihnen Unterschiedene.	Unmittelbar hat daher die Größe in
21	178	join	sure	die Attraction, in seine Idealität übergeht,	und daß daher die Continuität ihm
21	179	new	sure	Gleichheit und Identität mit sich ist.	Was die *Materie* als Quantität betrift,
21	180	join	sure	die den Sturz der vorhergehenden Metaphysik	bewirkten, und als ein Hauptübergang in
21	181	join	sure	wichtige Ansicht ist. – »Von dem	natürlichen Scheine der Antinomien werde die
21	182	join	sure	des Zusammengesetzten ist das Einfache. Es	ist daher tavtologisch, zu sagen, daß
21	183	join	sure	d. i. das Einfache, übrig bleiben.«	»Im erstern Fall aber würde das
21	184	join	sure	bestünden nicht aus einfachen Theilen, sondern	seyen nur zusammengesetzt. Nun aber kann
21	185	join	sure	Theil des Zusammengesetzten einen Raum einnehmen.«	»Die schlechthin ersten Theile aber alles
21	186	join	sure	die Anschauung selbst, zugleich *begriffen* werden	muß, wenn man nemlich überhaupt begreifen
21	187	new	uncertain	nicht auf etwas einfaches stoßen wollen.	Wenn wir hiemit den Gegensatz dieser
21	188	join	sure	sind darum auch einer gründlichern Be-	trachtung würdig, als der gewöhnlichen Erklärung,
21	189	join	sure	Etwas, für ein Wahres und Wirk-	liches zu halten; dieses sinnliche Bewußtseyn
21	190	join	sure	die Unmittelbarkeit ist eine Bestimmtheit, deren	Aufgehobenseyn sie selbst ist. Sie ist
21	191	join	uncertain	Bestimmungen, von denen sie constituirt sind.	Umgekehrt ist an [der] discreten Größe
21	192	join	sure	der es über die Grenze und	diß Eins hinausgeht, und gleichgültig dagegen
21	194	join	uncertain	zu dem sie überhaupt geworden, bleibt.	Diß Eins ist also das Princip
21	195	join	sure	das affirmative diesseits seiner Grenze be-	stehen blieb, und diese, die Negation,
21	197	new	sure	– muß als Zahl genommen werden.	Die *Arithmetik* betrachtet die Zahl und
21	198	join	sure	*Numeriren*. Da die Eins äusserliche gegeneinan-	der sind, stellen sie sich unter
21	199	join	sure	muß über diese *Begriffe* hinausgehen und	die Anschauung, fünf Finger u.s.f. zu
21	200	join	sure	d. i. in dem Aussersichkommen (der	sogenannten Bewegung des Punktes) schlechthin sich
21	201	join	sure	Addiren selbst zurück. Die ihm ent-	sprechende, negative Rechnungsart, das *Subtrahiren*, ist
21	202	join	sure	– nur *eine* Wiederhohlung des Quadri-	rens, theils bey den ungeraden Potenzen
21	203	join	sure	des Begriffs gehört, d. h. als	Existenz vorhanden ist, ist ein wesentliches
21	204	join	sure	des Verknüpften gegen die Verknüpfung, der	die Nothwendigkeit fehlt, willen, befindet sich
21	205	join	sure	angeführt; daß die Pythagoräer auf die	Zahlen gefallen seyen, schreibt er dem
21	206	join	sure	*begriffene*, in dieses Element des Ausser-	sichseyns selbst versetzt, werden zu todten,
21	207	join	sure	die phantasielosen geometrischen Figuren ohnehin dürftig	sind, wie auch in diesen eine
21	208	join	sure	Nahrung die Erziehung den jugendlichen Geist	großziehen soll, sollte von dem inhaltslosen
21	209	join	sure	extensive Größe hat das Moment der	Continuität an ihr selbst und in
21	210	join	sure	andere ist; es als vieles aussereinanderseyendes	oder discretes macht daher die Bestimmtheit
21	211	join	sure	es gesetzt, wie es seinem Begriffe	nach oder an sich ist. Die
21	212	join	sure	Fortgang, einem Fliessen, das eine un-	unterbrochene, untheilbare Veränderung ist; jedes der
21	213	join	sure	hat ihre Bestimmtheit in diesem Ausschlie-	ßen. Aber *zweytens* ist sie an
21	215	join	uncertain	extensives wie als intensives Quantum darstellt.	Als Beyspiel hievon dient daher alles,
21	216	join	sure	Ein höherer Grad der Temperatur drückt	sich aus als eine längere Quecksilbersäule,
21	217	join	sure	aufgehoben sind. Es war nicht nur	die Entfernung der Kategorie des extensiven
21	218	join	sure	in die Grenze übergegangen ist, also	die Repulsion der Bestimmtheit von sich
21	219	join	sure	Für-sich-bestimmtseyn ist vielmehr das *Bestimmtseyn* *in*	*einem* *Andern*; und umgekehrt ist es
21	221	join	sure	diesem Jenseits; das Quantum besteht eben	darin, das Andre seiner selbst, sich
21	222	join	sure	das Jenseits des Endlichen beharrlich bestimmt	ist, ist als die *schlechte* *quantitative*
21	223	join	uncertain	auf, (Kr. d. pract. V. Schl.)	»wenn das Subject mit dem Gedanken
21	224	join	sure	*und* *du* *liegst* *ganz* *vor* *mir*.«	Wenn auf jenes Aufbürgen und Aufthürmen
21	225	join	sure	gegenüber. Es stellt sich derselbe Wider-	spruch dar, der dem unendlichen Progresse
21	226	join	sure	Der reine Wille hat sein eigen-	thümliches Gesetz, das in wesentlicher Beziehung
21	227	join	sure	den Willen des Guten bestimmt, die	durch denselben an ihr hervorgebrachte Veränderung
21	228	join	sure	der andern. Insofern verschiedene Stoffe oder	Thätigkeiten vorausgesetzt werden, bestätigt und vollendet
21	229	join	sure	*oder* *Unbegrenztheit* *der* *Welt* *in* *Zeit*	*und* *Raum*. – Es konnte eben
21	230	new	sure	einen Anfang in der Zeit habe.	Nur der Unterschied findet Statt, daß
21	231	join	sure	abstracten Punkt, geradezu annimmt, – eine	populäre Bestimmung, welche das sinnliche Vorstellen
21	232	join	sure	ebenso im Beweise direct vorausgesetzt. Es	wird direct angenommen, daß die begrenzte
21	234	join	sure	Aeußerlichkeit macht das aus, wodurch es	Quantum, bei sich selbst, ist. Es
21	235	join	sure	nemlich das nach *seinem* *Begriff* *bestimm-*	*te* *Quantum* entstanden, was verschieden ist,
21	236	join	sure	der negirten Qualität, die Wiederherstellung derselben;	und gesetzt ist diß, daß die
21	237	join	sure	sich, daß die Mathematik, indem sie	die Natur dieses ihres Instruments nicht
21	238	new	uncertain	des gewöhnlichen Calculs gewonnen zu haben.	Die Mathematik zeigt bey diesem Widerstreite
21	239	join	sure	ich in dieser Anmerkung weitläufiger anstellen	will, wird zugleich das beste Licht
21	240	join	sure	Begriff nicht der Begriff eines *Maxi*-	*mums* (oder Minimums), sondern es werde
21	241	new	sure	Bestimmtheit, in das schlechte Unendliche zukommt.	Es ist dagegen vorhin gesagt worden,
21	242	join	sure	[zu] liegen, und er selbst wird	deutlicher werden, indem wir die verschiedenen
21	243	new	uncertain	das Verhältniß hat, sich nicht ändert.	Die Darstellung, welche die Unendlichkeit an
21	244	join	sure	wir die beyden Ausdrücke, so stellt	der eine, die unendliche Reihe, ihn
21	245	join	sure	das nicht aufgehoben werden kann, weil	ein auf *qualitativer* Bestimmtheit beruhendes als
21	246	join	sure	Negation (*beyde* Seiten des Verhältnisses sind	nur als *Momente*), ist, hiemit die
21	247	join	sure	wahrhafte, das *relative* Unendliche, – das	gewöhnliche *metaphysische* dagegen, worunter das abstracte,
21	248	join	sure	denn seine *Größe* ist *bestimmt* und	*begrenzt*, und ich kann größere und
21	249	join	sure	Functionen, überhaupt bey den *Functionen* *ver-*	*änderlicher* *Größen* eingeführt hat, und welches
21	250	join	sure	y, sondern nur x und y²	haben einen bestimmten Quotienten. Dadurch sind
21	251	join	sure	auf die sich das Bedürfniß gründet,	weggelassen wird, so daß es dafür
21	252	join	sure	und auf einander bezogen werden –;	sondern sie versetzt eine von daher
21	253	join	sure	daraus erhellen, daß denselben der Gedanke	der Sache, übereinstimmend mit dem hier
21	254	join	sure	– Newton fügt hinzu, daß daraus,	daß es letzte Verhältniße der verschwindenden
21	255	join	sure	daß er vielmehr allein darin besteht,	das Verhältniß rein herauszuheben, und die
21	256	new	sure	Bestimmung des qualitativen Quantitätsmoments rein herauszuheben.	Gegen die angegebenen Bestimmungen steht die
21	257	join	sure	Jedoch kann wieder auf der andern	Seite das *Verfahren* *selbst*, jener Vernachlässigung
21	258	join	sure	werden wollten, nur Nullen wären. –	*Lagrange* (Théorie des fonct. analyt. Introd.)
21	259	join	sure	er sie das einemal in diese	Sphäre herabzieht und sie als Incremente
21	260	join	sure	des einfachen Verhältnisses, auf welches sich	die wirkliche concrete Bestimmung desselben zurückführt,
21	261	join	sure	arithmetisch unrichtige Weglassen der Producte unendlicher	Differenzen oder höherer Ordnungen derselben bey
21	262	join	sure	verfiel, der seinen Gegnern die Gelegenheit	eines Triumphs ihrer Methode über die
21	263	join	sure	Grunde der *relativen* *Kleinheit* derselben.[^fn-270-1] Die	Newtonsche Auflösung enthielt jenen Fehler, *nicht*
21	264	join	sure	wird dabei nicht eine Ungenauigkeit, ein	Fehler oder Irrthum vorausgesetzt, der durch
21	265	join	sure	erhalte, womit die lästige Reihe herein-	kommt, von der ursprünglichen Function; so
21	266	join	sure	fort und dergleichen, sondern den bestimmten	Sinn der qualitativen Bestimmtheit des Quantitativen,
21	267	join	sure	auch k = 0; denn der	Zuwachs k zu y findet nur
21	268	join	sure	aus der Entwicklung eines Binomiums abge-	leitete Function ist, noch für eine
21	269	join	sure	seiner selbst zu seyn; er ist	in die einfache Intensität zusammengesunken, in
21	270	join	sure	als eine Tangente behandelt wird; denn	auch der *Bogen* ist wohl *incommensurabel*
21	271	join	sure	und völlig gleichgültige Annahme, daß un-	*endlich* *kleine* *Theile* desselben Ganzen einander
21	272	join	sure	erstern noch naiven Zeit des Infinitesimalcalculs	sollte von jenen Bestimmungen und Sätzen,
21	273	join	sure	ist das Bewußtseyn hierüber gebildeter ge-	worden; eh dieses aber über den
21	274	join	sure	in wenig Zeit, vielleicht in einer	halben Stunde – mit dem Finden
21	275	new	uncertain	zu *Principien* zu erheben versucht wurde.	Als die Begriffsbestimmtheit des sogenannten *Unendlich-kleinen*
21	276	join	sure	die Gleichungen höherer Ordnungen haben ihr	Interesse und ihre Bemühung allein mit
21	277	join	sure	ganz nur den Charakter solcher *ver-*	*änderlichen* Größen haben, wie sie in
21	278	join	sure	*Functionen* von einander sind. Dadurch ist	die Veränderung der veränderlichen Größen *qualitativ*
21	279	join	sure	worden, insofern sie dazu gekommen ist,	daß ihre Veränderung *durch* *sie* *selbst*
21	280	join	sure	Verhältniß, ganz abstrahirt von dem vorhingenannten	Interesse der *Summe* wird sich als
21	281	new	sure	darin die Weise sie zu finden.	Wir befinden uns hiemit bey der
21	282	new	sure	einer Potenz eingeschlossene Entwicklung genommen wird.	Wenn nun der eigentliche mathematische Anfang
21	283	join	sure	oder auch der Raumgrössen, an welche	eine Art gebunden ist, aus einer
21	284	new	sure	um dessen Finden es sich handelt.	Es ist nicht ohne Interesse, von
21	285	join	sure	*aufgenommen*; sie haben durch die Verallgemeine-	rung ihrer Form und Anwendbarkeit den
21	286	new	sure	*des* *charakteristischen* *Dreyecks* und *jener* *Proportionalität*.	*Lagrange* hat nun diese Simulation verworfen,
21	287	join	sure	ersten zusammenfällt, d. h. Tangente ist;	algebraisch ausgedrückt, daß indem y =
21	288	join	sure	bey ihm die Form der Aufgabe,	gerade Linien senkrecht auf beliebige Orte
21	289	join	sure	Weise erhaltene Endgleichung, welche den Coefficienten	des zweyten Gliedes der quadratischen Gleichung
21	290	join	sure	Gleichheit gleichgültig ist, als welche Be-	stimmung durch den Coefficienten des zweyten
21	291	join	sure	Einheit c, der Größe der Geschwin-	digkeit, proportionirt sind, bietet für die
21	292	join	sure	ct³ wäre, aber die Natur zeige	keine Bewegung dieser Art; wir wüßten
21	293	join	sure	und aus ihr soll die ursprüngliche	Potenzen-Function gefunden werden; die in der
21	294	new	sure	Integralrechnung aufgespart, diese Verhältnisse zu finden.	Ferner aber ist gezeigt worden, daß
21	295	join	sure	der *Ordinate* als *abgeleitete* Function genommen	wird, die relativ ursprüngliche Function der
21	296	new	sure	denen die verlangte Grösse bestehen soll.	Es kann daher nur oberflächlich gesagt
21	297	join	sure	und zu Kleinen, die sich jedesmal	bestimmt haben, ins Unendliche fortzugehen, welches
21	298	join	sure	für den Zweck genügen, das Eigenthümliche	des Verhältnisses von Grössen herauszuheben, welches
21	299	join	sure	gedrückt; obgleich sie es ist, durch	welche in dem, was die *Anwendung*
21	300	join	sure	einer Potenzenfunction zu der Entwicklungspotenz vorhanden	ist. Die qualitative Bestimmtheit ist aber
21	301	join	sure	noch weit entfernt von der Bestim-	mung, die er in dem Differentialcalcul
21	302	join	sure	ihrer als *qualitativer* *Bestimmung* *der* *Räum-*	*lichkeit*, als einer Dimension; das Uebergehen
21	303	join	sure	der Summe der beyden gegenüberstehenden paral-	lelen Linien in die halbe Höhe.
21	304	join	sure	die kleine zur großen Achse, also	wird geschlossen, verhalten [sich] auch die
21	305	join	sure	nicht den Inhalt der Figur als	*continuirlicher* aus, aber den Inhalt, insofern
21	306	join	sure	Behufe von Theoremen über dasselbe al-	lein herauszuheben ist. Die Kategorien, die
21	307	join	sure	drey Stücken *vollendet* aufgezeigt; für die	Bestimmtheit als solche sind somit die
21	308	join	sure	p. 21), indem er die Me-	thode der Untheilbaren gleichfalls gebraucht, jedoch
21	309	join	sure	Die qualitative Verschiedenheit des Discreten mit	dem Continuirlichen überhaupt, enthält gleichfalls eine
21	311	join	sure	Quantum ist nicht nur im *Verhältniß*,	sondern *es* *selbst* *ist* *als* *Verhältniß*
21	312	join	sure	andern. Es ist nur *Eine* Be-	stimmtheit oder Grenze beyder, die selbst
21	313	new	uncertain	muß *dieselbe* Anzahl jener Einheit bleiben.	3. Hienach machen beyde eigentlich nur
21	315	join	sure	aber ist die Veränderung, obgleich nach	dem gleichgültigen quantitativen Momente auch beliebig,
21	316	join	sure	der nach der angegebenen zweyten Bestimmung	die Grenze ihrer gegenseitigen Begrenzung ist.
21	317	join	sure	bestand darin, daß ein Quantum als	unmittelbares zugleich auf ein anderes die
21	318	join	sure	zugleich selbst ein Quantum überhaupt, und	in Quanta auch ausgelegt, ist damit
21	319	join	sure	Natur, daß die Grenze oder Negation	nicht als unmittelbar seyendes, sondern das
21	320	join	sure	seiner Momente ist. Im Potenzenverhältniß aber	ist es in dem Unterschied *als*
21	322	join	sure	zurückzugehen, gehört einem sich unvermögend fühlenden	Denken an, das nun im Gegensatze
21	324	join	sure	die Bestimmung der *Reflexion* in sich;	d. h. die Objectivität, welche den
21	325	join	sure	ist in ihnen zwar ein gemeinsames	Element der Begriffsbestimmung zu erkennen, aber
21	326	join	sure	auf das andere Extrem der Herab-	setzung zur Nichtigkeit reducirt, und damit
21	327	join	sure	des Qualitativen und Quantitativen, so daß	*erstens* *ein* *Quantum* ist, das qualitative
21	328	join	sure	*verschiedenen* *Sphären* *der* *natürlichen* *Realität* angehö-	ren. Die vollständige, abstracte Gültigkeit des
21	330	join	sure	unterschieden von dieser geht es nicht	über sie hinaus, so wie diese
21	331	join	sure	Körpers, erkannt würden. Ohne diesen Sinn	aber hat ein absoluter Maaßstab nur
21	332	join	sure	Aristoteles Erklärung, Weisen, wodurch man ge-	nöthigt wird, das Gegentheil von dem
21	333	join	sure	ist, ist dann in ihrem Ver-	halten zu der Existenz der veränderlichen,
21	334	join	sure	eine Qualität des Etwas, dem die-	selbe Qualität an einem andern Etwas
21	335	join	sure	Quantum als der äusserlichen Beschaffenheit gegenüberge-	treten ist. Dieses hat zu seinem
21	336	join	sure	Temperaturen, womit das Eintreten einer Verän-	derung der specifischen Gestalt sich verbindet.
21	337	join	sure	Qualitäten. Diese Qualitäten sind nach der	Maaßbestimmung im Verhältniß zu einander; diese
21	338	join	sure	hiemit, wie zur Genüge gezeigt wor-	den, die durch ein Potenzenverhältniß bestimmte
21	339	join	sure	auch als in äusserlicher, arithmetischer Pro-	gression fortgehend genommen wird, so fällt
21	340	join	sure	der Momente nicht bestimmte, oder als	Fall d. i. bedingt freye, oder
21	341	join	sure	aus dem Begriffe, zu führen, ein	widersinniges Unternehmen ist. Diese Beweise *setzen*
21	342	new	sure	für sich fliessend unabhängig vom Raume.	Diese Unmittelbarkeit des Qualitativen gegen seine
21	343	join	sure	durch den Begriff specifisch bestimmten Geschwin-	digkeit zukommt. Solche Geschwindigkeit existirt hier
21	344	join	sure	im gebrauchten Beyspiel des Maaßes der	Fallbewegung gleichsam anticipirt und als vorhanden
21	346	join	sure	Beziehen zu vielen Andern überhaupt ist	das Hervorbringen anderer Verhältniße, somit anderer
21	348	join	sure	und da dasselbe Exponent des Maaß-	verhältnißes ist, eine Veränderung des Maaßes
21	349	join	sure	sein gleichgültiges, quantitatives Bestehen, und ver-	hält sich zugleich als specificirendes Moment
21	350	join	sure	Exponenten betrachtet wird, und die beyden	aus dieser Beziehung entstehenden Reihen *unbestimmt*
21	351	join	sure	Reihe der Exponenten für die Glie-	der der ersten Reihe sind. Beyde
21	352	join	sure	Einheit. Die Exponenten, welche zunächst Vergleichungszahlen	unter sich sind, haben in dem
21	353	join	sure	im Systeme jedes andern Grundtons. Die	Harmonien sind ausschliessende Wahlverwandtschaften, deren qualitative
21	354	join	sure	in der Größenbestimmtheit stehen. Ebensosehr ist	aber auch diese andere Seite vorhanden,
21	355	join	sure	wäre, – wie die Beziehung der	magnetischen Pole oder der Elektricitäten, –
21	356	join	sure	Verhältnißzahlen der Mischungen der chemischen Elemen-	te, hier berücksichtigen zu wollen, würde
21	357	join	sure	über diesen Gegenstand zu hören ist.	Derselbe stellt aber in seinem *Lehrbuche*
21	358	join	sure	und sonst auf andere Weise nicht	erhärtet sind. Diß könnte nur durch
21	359	join	sure	angeführt sind. Irrthümlich aber urtheilt Berzelius,	als ob unter der Herrschaft »der
21	360	join	sure	mit Feuer- und Licht-Erscheinungen, identificirt wer-	den, »auf Neutralisation entgegengesetzter Electricitäten« reducirt
21	361	join	sure	so wenig untersucht, daß sich noch	*nichts* *ganz* *Gewisses* hinsichtlich dieser relativen
21	362	join	sure	sondern auch was Wirkung der so-	genannten *Wahlverwandschaft* zu seyn scheine, *nur*
21	363	join	sure	wäre die Aufgabe vorhanden, die Verhältnißexponen-	ten der *Reihe* *der* *specifischen* *Schweren*,
21	365	join	sure	Maaß bestimmt sich von sich abstossend	zu andern nur quantitativ verschiedenen Verhältnissen,
21	366	join	sure	Qualitative derselben; das vorhergehende quantitative Verhältniß,	das dem folgenden unendlich nahe ist,
21	367	join	sure	eine überraschende Uebereinstimmung hervor, die nicht	durch das unmittelbar vorhergehende qualitativ vorbereitet
21	368	new	sure	Sprung aus quantitativer Veränderung in qualitative.	*Es* *gibt* *keinen* *Sprung* *in* *der*
21	369	join	sure	von Etwas in sein Anderes überhaupt	und in sein Entgegengesetztes; dagegen spiegelt
21	370	join	sure	Maaßloses in Rücksicht auf dieses, an	ihm selbst aber ebenso eine für
21	371	join	sure	β) Diese Dieselbigkeit des Substrats ist	darin *gesetzt*, daß die qualitativen Selbstständigkeiten,
21	372	join	sure	bilden, sind für jedes einzelne Glied,	das als einer Seite zugehörig sich
21	375	join	sure	sich die Einheit der beyden Qualitä-	ten; jede der Seiten des Verhältnisses
21	376	join	sure	hat nach dieser Seite den zweyten	Mangel der *quantitativen* Form, daß die
21	377	new	sure	in demselben Verhältnisse zu- oder abnähme.	Aus dem Grunde ihrer *qualitativen* Beziehung
21	378	join	sure	übersehen, auf welche die in dieselbe	gebrachte Theorie führt, nemlich das zu
21	379	join	sure	eine sehr einfache Betrachtung, daß wenn	z. B. wie vorgegeben wird, die
21	380	join	sure	Form der Intensität, das sogenannte Dynami-	sche, ändert nichts, da es selbst
21	381	join	sure	*des* *Bestimmens* und mit *der* *Rücksicht*	auf dasselbe verbunden; sie soll nicht
21	382	join	sure	Specifischen *an* *sich* oder im Absoluten	*dasselbe* *und* *eins* sind, daß ihr
21	383	join	sure	Totalität, so daß sie diese *ein-*	*fache* *Beziehung* *auf* *sich* *nur* ist,
11	242	join	sure	es bleibt ihr nach diesem Wegnehmen	noch gegenüber stehen; denn es ist
11	243	new	sure	und dann sein Fürsichseyn zu geben.	Das Wesen ist *im* *Ganzen* das,
11	246	join	sure	wie auch als unmittelbare Negation, als	Negation, die mit einem Andersseyn behaftet
11	247	join	sure	in sich. Jener Schein und diese	Erscheinung sind *unmittelbar* so mannichfaltig bestimmt.
11	248	join	sure	das Seyn. Die Unmittelbarkeit, welche die	Bestimmtheit am Scheine gegen das Wesen
11	249	join	sure	der Negativität ist, ist das *Wesen*.	Der Schein ist also das Wesen
11	250	join	sure	wird, und das in seine Negation	überginge; noch ist es ein seyendes
11	251	join	sure	*erstlich* Gleichheit mit sich, oder Unmittel-	barkeit; aber *zweytens* ist diese Unmittelbarkeit
11	252	join	sure	voraus, und das Aufheben dieser Voraus-	setzung ist es selbst; umgekehrt ist
11	253	join	sure	die Reflexion in sich, die das	Unmittelbare ist. Das andremal ist sie
11	254	join	sure	Negativen, mit dem Unmittelbaren und dieses	Zusammengehen ist die wesentliche Unmittelbarkeit selbst.
11	255	join	sure	neuern Philosophie war, alles Ueble nachgesagt	und sie mit ihrem Bestimmen als
11	256	join	sure	*ist* *nur* *Gesetztseyn*; diß ist der	Satz des Wesens vom Daseyn. Das
11	257	join	sure	seine Reflexion in anderes in Re-	flexion in sich umgebogen hat. Diese
11	259	join	sure	sollen, und nicht auch die andern	Kategorien, wie alle Bestimmtheiten der Sphäre
11	260	new	sure	Wahrheit und sein Wesen übergegangen sey.	Endlich aber haben die Reflexionsbestimmungen zwar
11	262	join	sure	sein Nichtseyn nicht an einem andern,	sondern an sich selbst hat. Es
11	263	join	sure	*daß* *die* *Wahrheit* *nur* *in* *der*	*Einheit* *der* *Identität* *mit* *der* *Verschiedenheit*
11	264	join	sure	denn die *Erfahrung* enthielt vielmehr die	Identität in Einheit mit der Verschiedenheit,
11	265	join	sure	dem Ausdrucke der Identität auch un-	mittelbar die Verschiedenheit vorkommt; – oder
11	266	new	sure	bestimmt und unterschieden vom Unterschied ist.	1. Dieser Unterschied ist der Unterschied
11	267	new	sure	in sich und sein Moment ist.	3. Der Unterschied hat die beyden
11	268	join	sure	darum keine Qualitäten, weil ihre Be-	stimmtheit durch die Reflexion in sich
11	269	new	sure	ihnen gegenüber stehende Reflexion in sich.	An der sich entfremdeten Reflexion kommen
11	270	join	sure	*selbst*. Jedes ist somit diese Reflexion,	die Gleichheit, daß sie sie selbst
11	271	join	sure	drückt mehr, nemlich die *bestimmte* Verschiedenheit	aus. Zwey Dinge sind nicht bloß
11	272	new	sure	Somit ist sie in *Entgegensetzung* übergegangen.	Das *Zugleich* der beyden Prädicate wird
11	273	join	sure	auch sein anderes Moment enthält; aber	diß sein anderes ist ein gleichgültig
11	274	join	sure	sondern beyde sind negativ gegen einander.	Jedes ist so überhaupt *erstens* *insofern*
11	275	join	sure	Negative an und für sich, das	positiv auf sich selbst beruht. Als
11	276	join	sure	und es einerley ist, welches der	beyden entgegengesetzten verschiedenen als positiv oder
11	277	new	sure	nur Eine Bestimmung und Gesetz derselben.	Ferner aber sind die Entgegengesetzten nicht
11	278	join	sure	beyden Rechnungsarten verhalten, bey dem Begriffe	der entgegengesetzten Größen überhaupt stehen bleiben,
11	280	join	sure	*Nichtseyns*, – zu einem *Gesetztseyn*. –	So ist es der Widerspruch, daß
11	281	new	sure	Stande kommt; sie ist die *Null*.	Der Widerspruch enthält aber nicht bloß
11	282	join	sure	und es eben so sehr auf-	hebt, Gesetztseyn zu seyn, ist der
11	283	join	sure	sich selbst hinzu, welche dadurch hervortritt,	daß die selbstständigen Entgegengesetzten jedes sich
11	284	new	sure	das, was das Positive seyn sollte.	Vornemlich wird der Gegensatz vom Positiven
11	285	join	sure	oder, im positiven Sinne, in ihren	Grund zurückgehen. – Auch die *Wahrheit*
11	286	join	sure	der so hieß: es gibt nicht	etwas, das *zugleich* A *und* NichtA
11	287	join	sure	andre dagegen in die subjective Reflexion	geschoben, die durch ihre Beziehung und
11	288	new	sure	andere oder in Nichts auflösen läßt.	Wenn in der Bewegung, dem Triebe
11	289	new	sure	Pulsation der Selbstbewegung und Lebendigkeit ist.	Es ist schon über den *ontologischen*
11	290	join	sure	an sich selbst in seinen Grund	zurück, worin es sich aufhebt, –
11	292	join	sure	Identität des Wesens, welche die Reflexions-	bestimmung *an* *sich* *ist*; – anderntheils
11	295	join	sure	Bestimmungen wesentliche Selbstständigkeit haben; denn diese	ist im Grunde zu Grunde gegangen,
11	296	join	sure	ist selbst wesentlich als bestimmtes; somit	ist es auch wieder das Moment
11	297	new	sure	oder Negirtseyn mit sich identische Wesen.	Diese Unterschiede, der Form und des
11	298	join	sure	sich nur als Materie setzt, inso-	fern sie sich selbst aufhebt, somit
11	299	join	sure	wesentlichen Unterschied oder Negativität, als die	bestimmende Form. Jene Einheit des Wesens
11	300	join	sure	verschlossen in sich enthält. Die Materie	ist derselbe Widerspruch an sich, welchen
11	301	new	sure	und durch die Negation seiner selbst.	Die formirte Materie oder die Bestehen
11	302	new	sure	der *Grund* umgekehrt hat einen *Inhalt*.	Der Inhalt des Grundes ist also
11	303	join	sure	jener gleichgültigen Grundlage ist die *unmittel-*	*bare* *Bestimmtheit* derselben, wodurch der Grund
11	304	new	sure	in sich reflectirten Daseyns, der Wesentlichkeit.	Insofern nun im bestimmten Grunde Grund
11	305	join	sure	sich eine anziehende Kraft befinde, die	ihn dahin treibe, so gilt diese
11	306	join	sure	Gründen angefangen, sie werden als Principien	und erste Begriffe in die Luft
11	307	join	sure	Begründetes, Phänomene und Phantome in unaus-	geschiedener Gesellschaft durch einander laufen und
11	308	join	sure	dem Andern als in seinem Gesetztseyn	in sich reflectirte; der Inhalt also,
11	309	join	sure	der Grund und welcher das durch	ihn Gesetzte sey; in dem beyderseitigen
11	310	join	sure	das in den allgemeinen Unterschieden, welche	Gesetze sind, bestimmte, mit sich identische
11	311	join	sure	in einem Dritten verbunden ist; die	Form, als das Wesentliche und als
11	312	join	sure	die andern besondern Seiten wieder besondere	haben, und wovon keiner die Sache,
11	313	join	sure	sie und macht ihre nicht reflectirte,	sondern nur unmittelbare Beziehung aus, welche
11	314	join	sure	desselben ist die Wiederherstellung seiner Identität	mit sich. Aber indem diese dadurch
11	315	join	sure	Grund sich als auf seine wesent-	liche Voraussetzung bezieht, ist die *Bedingung*;
11	316	join	sure	voraus, aber als entäussertes oder aufgehobenes	Setzen; das was es hingegen seiner
11	317	join	sure	Reflexion in sich ausmacht. Beyde Seiten	der Form sind dem unmittelbaren Daseyn
11	318	join	sure	Denn der eigenthümliche Inhalt der Bedingung	ist nur wesentlicher Inhalt, insofern er
11	319	join	sure	ist. Umgekehrt, weil sie die Totalität	*voraussetzen*, so scheint diese auch wieder
11	320	join	sure	ist die Bestimmtheit der Unmittelbarkeit, in	welche die Formeinheit versenkt ist. Diese
11	321	join	sure	*Bedingungen* *einerseits* und andererseits durch ihren	Grund gesetzt zu werden, ist nur
11	322	join	sure	ein Verschiedenes vom Begründeten zurük, sondern	die Wahrheit des Begründens ist, daß
11	324	new	sure	reflectirte, *an* *sich* *seyende* *Welt* gegenüber.	Aber das erscheinende und das wesentliche
11	325	join	sure	etwas in den Context der gesammten	Erfahrung, d. h. in die Bestimmung
11	326	join	sure	unbeweisbares, und das Wissen von ihr	als ein *nur* unmittelbares Bewußtseyn, als
11	328	new	sure	aber die unwesentliche Existenz des Dinges.	Das *Ding* *an* *sich*, als das
11	329	join	sure	Dinge-an-sich vorhanden, die in der Be-	ziehung der äusserlichen Reflexion aufeinander stehen.
11	331	join	sure	in seinem Gesetztseyn; aber zugleich als	*bedingter* Grund; das heißt, sein Gesetztseyn
11	332	join	sure	unmittelbar das Bewußtseyn der Freyheit, nach	welchem Ich mich vielmehr als das
11	333	join	sure	der Dinge-an-sich, die als Extreme gleichgültig	gegen diese ihre Beziehung bleiben sollten,
11	334	join	sure	geschehen, aber mit umgekehrtem Werthe, so	daß wenn jenem Abstrahiren das abstracte
11	335	join	sure	sich der Unterschied der Dinge *auf-*	*gehoben* hat; die Continuität der Eigenschaft
11	336	join	sure	gleichgültig sind. Diese Beziehung ist daher	nur eine unwesentliche Verknüpfung derselben, und
11	337	join	sure	*Form* dieses Inhalts, der nicht als	solcher in sich reflectirt ist, sondern
11	338	join	sure	deren *Bestehen* das *Ding* ist. Anderer-	seits aber werden diese verschiedenen Bestimmungen
11	339	join	sure	das Verschwindende zum *Unbemerkbaren*, der Wider-	spruch zu einer Verwirrung herabgesetzt, und
11	340	join	sure	Menschen überhaupt aus Seele und Leib	*bestehen* läßt, deren jedes als ein
11	342	join	sure	ist es nunmehr *realer* Schein, indem	die Momente des Scheins Existenz haben.
11	343	join	sure	zu seinem Grunde, welches selbst nur	diß ist, in ein anderes reflectirt
11	344	join	sure	Reflexion desselben in sich, ist die	*Identität* ihres beyderseitigen Bestehens, daß *das*
11	345	join	sure	unterschieden. Aber die Reflexion der Er-	scheinung, wodurch dieser Unterschied ist, ist
11	346	join	sure	enthalten, sondern durch ein anderes bestimmt	sind. – *Zweytens* das was die
11	347	join	sure	Form sind, als solche in ihr	Anderes übergehen, und an ihnen selbst
11	348	join	sure	in sich ist, so verhalten sich	seine Seiten nicht nur als verschiedene,
11	349	join	sure	so wie umgekehrt diese reflectirte Selbstständigkeit	nunmehr die Form an ihr selbst
11	350	join	sure	mannichfaltigen andern Inhalt als jenes Reich,	weil ihr noch das negative Moment
11	352	join	sure	Erscheinens. Sie sind beyde die selbstständigen	Ganzen der Existenz; die eine sollte
11	354	join	sure	welche jedes relative an ihm selbst	ist, ist erst ein inneres; die
11	355	join	sure	die *unmittelbare* Selbstständigkeit; und ihr Bestehen	ist wesentlich eben so sehr als
11	356	join	sure	ganze Verhältniß. Sie sind die unmittelbare	Selbstständigkeit *gegen* die reflectirte, und bestehen
11	357	join	sure	Einheit aus, und sind das verschiedene	Mannichfaltige. Das Ganze ist ihnen nicht
11	358	join	sure	eben so sehr nur als aufgehobene;	ihre Selbstständigkeit ist ein erstes, aber
11	359	join	sure	Aber indem es nun nicht Theil	ist, so ist es Ganzes, denn
11	360	join	sure	nur ist, als von derselben getragen	und gesetzt. *Zweytens* ist diß Uebergehen
11	361	join	sure	die Negation als Bestimmtheit, sondern negative,	sich in sich reflectirende Einheit. Das
11	363	join	sure	den beyden in Wechselbeziehung stehenden Kräften	vorhanden, welche die sollicitirende oder die
11	364	join	sure	unmittelbar auch die in sich zurükkehrende	Reflexion, und die Thätigkeit ist wesentlich
11	365	join	sure	Uebergehen, sondern theils ist die Unmittel-	barkeit, von der angefangen und ins
11	366	join	sure	der Form ist überhaupt die Seite	der *Bestimmtheit*. Was nach derselben gesetzt
11	367	join	sure	einen dieser Bestimmungen in die andere	ist, fehlt auch diejenige Grundlage, welche
11	368	join	sure	Natur. Oder die Natur ist *nur*	der innere, nicht als Geist wirkliche
11	371	join	sure	Das Absolute selbst ist die absolute	Einheit beyder; es ist dasjenige, was
11	372	join	sure	zufälliger aufgerafft, noch durch eine ihm	äussere Reflexion in den Abgrund des
11	373	new	sure	einer Bestimmtheit, oder es ist *Attribut*.	Aber das Absolute ist nicht nur
11	374	join	sure	oder das Attribut hat das Absolute	zu seinem Inhalt und Bestehen; seine
11	375	join	sure	gesetzt; es ist nur, was es	*ist*, nemlich Identität mit sich, als
11	377	new	sure	das Absolute ist wesentlich *sein* *Resultat*.	Nach der Definition des Absoluten *tritt*
11	378	join	sure	in sich erkannt. – Die spinozistische	Auslegung des Absoluten ist daher insofern
11	379	join	sure	ist, gesetzt wird. Ferner da Begrenzte	nur sind, als sich auf andere
11	381	join	sure	sind, ist nun die *Wirklichkeit*. Das	Wirkliche ist darum *Manifestation*, es wird
11	382	new	sure	*Möglichkeit*. *Was* *wirklich* *ist*, *ist* *möglich*.	2. Diese Möglichkeit ist die in
11	383	join	sure	als nur ein *gesetztes*; oder eben	so sehr als *nicht* *an* *sich*
11	384	join	sure	nur als möglich bestimmt, dessen Anderes	oder Gegentheil eben so sehr ist.
11	385	join	sure	Gesetztseyn dieses Grundes und die Re-	flexion desselben in sich; die Möglichkeit
11	386	join	sure	kund *durch* *das*, *was* *es* *hervor-*	*bringt*. Sein Verhalten zu anderem ist
11	387	new	sure	und in sich zurükgehen zu sollen.	Was real möglich ist, ist also
11	388	join	sure	nemlich als das *Ansichseyn* eines andern.	Und indem umgekehrt dadurch zugleich ihr
11	389	join	sure	die in sich *zurükkehrende* *Bewegung* ist	noch getrennt; – oder *die* *Nothwendigkeit*
11	390	join	sure	Möglichkeit, eben so sehr als Möglichkeit	wie als Wirklichkeit bestimmt zu werden.
11	391	join	sure	gegen sie *gleichgültig*, somit die Formbestimmung	des *Ansichseyns* gegen das *Gesetztseyn*, und
11	392	join	sure	an sich nothwendigen Wirklichkeiten. Dieses Wesen	ist das *Lichtscheue*, weil an diesen
11	395	join	sure	selbst, oder ist jenes Scheinen; das	Anfangen von sich selbst ist erst
11	396	join	sure	und Gegenwart der Substanz in den	Accidenzen willen ist noch kein *realer*
11	398	join	sure	als Macht sich selbst bestimmt; aber	ist zugleich Ursache, weil sie diese
11	399	new	sure	nur unmittelbar wirkliche, eine *zufällige* Causalität.	Ferner der Inhalt so als bestimmtes,
11	400	join	sure	und deren sie zum Gemählde ver-	bindende Form; dieser, als eine Bewegung
11	401	join	sure	der Charakter des Lebendigen überhaupt, vielmehr	nicht ein *anderes* *ursprüngliches* *in* *sich*
11	402	new	sure	Bestehen als Formeinheit, oder als Verhältniß.	Aber dieses Ding ist nicht nur
11	403	join	sure	*unendlichen* *Regreß* von Ursachen zu Ur-	sachen aus. – Es wird von
11	404	new	sure	und so fort in das Schlecht-Unendliche.	3. Es ist nun zu sehen,
11	405	join	sure	Accidentalität als selbst *substantielle* *Thätigkeit* gegenüber	steht. – Es ist die *passive*
11	406	join	sure	ihrer Wahrheit nemlich eine Wirklichkeit, welche	nur eine Möglichkeit ist, oder umgekehrt
11	407	join	sure	Substanz, welche deren Wirkung aufhebt. –	In der *bestimmten* *Causalität* wird die
11	408	join	sure	es bedarf bloß noch eines äussern	Zusammenfassens dessen, was bereits sowohl *an*
11	409	join	sure	*Ursache*, in Schein oder bloßes *Gesetztseyn*,	umgekehrt des Gesetztseyns in Ursprünglichkeit; aber
12	6	join	sure	doch lächelnd des Ernstes Sache verdammet.	Jene Frage schließt dann den Sinn,
12	12	join	sure	*Werden* dargestellt wird. Aber sein *Werden*	hat, wie das Werden überall, die
12	13	join	sure	vorher das *Voraussetzen* war, daß a)	der Macht auch der *Schein* der
12	14	join	sure	ist hiemit die sich wieder aufhebende	Erscheinung; die Offenbarung des *Scheins* der
12	15	join	sure	auf sie gegründeten Bedürfnissen und Foderungen	ausgeht. Insofern ist gesagt worden, daß
12	16	join	sure	aufgehoben, oder als *Gesetztseyn* ist, und	diß Gesetztseyn als sich auf sich
12	17	join	sure	zur Gewohnheit geworden, und zum Theil	noch gegenwärtig ist, auf den *Begriff*
12	18	join	sure	das *Wesen* *des* *Begriffs* ausmacht, als	die *ursprünglich-synthetische* *Einheit* der *Apperception*, als
12	19	join	sure	nichts anderes, als die Natur des	Selbstbewußtseyns; hat keine andere Momente oder
12	20	join	sure	daß jene Gestalten von *Anschauung*, *Vorstel-*	*lung* und dergleichen dem *selbstbewußten* *Geiste*
12	21	join	sure	er sich gibt, darf nicht als	ein äusserliches aufgenommen, sondern muß nach
12	22	join	sure	von dem in der *natürlichen* Entwick-	lung oder in der *Geschichte* des
12	23	join	sure	*nur* Bestimmungen seyen, die vom Selbstbewußt-	seyn herkommen. Auch gehört hieher, daß
12	24	join	sure	gegebenen Gegenstand sich aneignet, dieser dadurch	eine Veränderung erleidet, und aus einem
12	25	join	sure	der Begriff in seiner formellen Abstraction	sich als unvollendet zeigt, und durch
12	26	join	sure	als gewöhnlich die logische Form ge-	nommen wird. Sie ist schon *für*
12	27	join	sure	aber aus dem entgegengesetzten Grunde; darum	nemlich nicht, weil er um seiner
12	28	join	sure	Einzelne ist, als den Gegenstand genommen,	so stimmt das eine mit dem
12	30	join	sure	Er ist *zuerst* überhaupt ein *Un-*	*mittelbares*, und in dieser Gestalt haben
12	34	join	sure	und Einzelnen entgegengesetzte Allgemeine ist, ist	erst bey dem bestimmten Begriffe zu
12	35	join	sure	die Substanz als solche ein *zufälliges*	war, die eigne *Vermittlung* des Begriffes
12	36	join	sure	*anderes*; das Allgemeine, hat hienach eine	*Besonderheit*, welche ihre Auflösung in einem
12	37	join	sure	Endlichen, das sich früher als sein	Fürsich-seyn, auch als Dingheit, als Substanz
12	38	join	sure	aber es ist dessen Unterschied oder	Beziehung auf ein *Anderes*, sein *Scheinen*
12	39	new	sure	ist, wie jeder Begriff, ein *einfacher*.	In Absicht auf Vollständigkeit hat sich
12	40	join	sure	selbst, diese ist insofern auch die	*abstracte*; und die Bestimmtheit des Begriffs,
12	41	join	sure	ist die Unbestimmtheit, weil sie dem	*Bestimmten* *gegenüber* stehen soll. Indem man
12	42	join	sure	das Allgemeine, das an dessen Stelle	träte und erschiene. Am wenigsten aber
12	43	join	sure	Wenn der Begriff als vernunftlos betrachtet	wird, so muß es vielmehr als
12	44	join	sure	thun, was sie als Regel vorschreibt,	daß die Begriffe abgeleitet und die
12	45	new	sure	als solcher, sondern die *Idee* ist.	Wenn das *Merkmahl* des deutlichen Begriffs
12	46	join	sure	des Begriffs darum zu thun wäre,	anzugeben, was es für *bestimmte* Begriffe
12	47	join	sure	entgegengesetzter Bestimmungen, macht die ganze Be-	trachtung, was in ihnen *einstimmig* *sey*
12	48	join	sure	Allgemeine heißt *weiter* als das Be-	sondere und Einzelne, und das Besondere
12	50	join	sure	untrennbar, daß auch diese Producte der	Abstraction, indem sie die Einzelnheit weglassen
12	51	join	sure	Begriffsbestimmungen, *gesetzt*; denn als Negation der	Negation enthält sie den Gegensatz derselben
12	52	join	sure	auf anderes Eins, welche dem qualitativen	Für-sichseyn zukommt. *Dieses* ist als das
12	54	new	sure	Bestimmtere und das Allgemeinere einander gegenüberstehen.	Es ist daher passend und Bedürfniß,
12	55	join	sure	Seiten überhaupt Totalitäten, welche zunächst als	wesentlich selbstständig sind. Die Einheit des
12	56	join	sure	der Umstände, die Zeit des Todes	oder das Alter jenes Philosophen in
12	57	join	sure	vielmehr als dessen Reflexion in-sich-selbst, welche	über jene Unmittelbarkeit hinausgeht und die
12	58	join	sure	Copula drückt aus, daß das *Sub-*	*ject* *das* *Prädicat* ist. Das Subject
12	59	join	sure	der Copula, schon *gesetzt* als jene	bestimmte und erfüllte *Einheit* des Subjects
12	60	join	sure	das Einzelne in seine Allgemeinheit er-	hoben, oder was dasselbe ist das
12	61	join	sure	übergegangen ist. – Wie die beyden	Begriffsbestimmungen bestimmt sind, so ist es
12	62	join	sure	nach dem Seyn als ein Etwas	*von* *vielen* *Qualitäten*; – oder als
12	63	join	sure	auf sich ausgedrückt, die Beziehung der-	selben auf einander aber aufgelöst, und
12	64	join	sure	Urtheil nach seiner Beziehung beydes ist:	Selbstständigkeit der Bezogenen, und ihre Wechselbestimmung,
12	65	join	sure	leere Identität, ausser welcher die Inhaltsbestimmung	läge. Das positive Urtheil hat alsdenn
12	66	join	sure	Bestimmung ist aber nicht nur als	Moment des Extrems zu nehmen, sondern
12	67	join	sure	Anschauung und Vorstellung als Beyspiel gebraucht,	und die Bestimmungen des *Seyns* und
12	68	join	sure	die noch gebliebene *Bestimmung* des Prä-	dicats ist eben so sehr *Beziehung*.
12	69	join	sure	selbst. Hiemit ist also die *Herstellung*	der concreten Totalität des Subjects geschehen,
12	70	join	sure	nicht roth, gelb u.s.f. nicht sauer,	nicht kalisch u.s.f. die Rose ist
12	72	join	sure	aufgehobene Unmittelbarkeit, nicht bloß die aufgehobene	Qualität, also nicht bloß *Quantität*; diese
12	73	join	sure	*ein* *Dieses* *ist* *ein* *Allgemeines* *der*	Reflexion; ein solches *Ansich* hat eine
12	74	join	sure	– diejenige Allgemeinheit, welche das Resultat	des Reflexionsurtheils ist, *anticipirt*; wie auch
12	75	join	sure	*Pantonomium*, in denen die *Methode* oder	*Regel* nur die Abhängigkeit Eines Gliedes
12	76	join	sure	die Einzelnen zugleich zur Allgemeinheit der	Gattung erweitert sind; umgekehrt ist die
12	77	new	sure	das Urtheil sich insofern zunächst aufgehoben.	Diese Aufhebung des Urtheils fällt mit
12	78	join	sure	Art ist Art nur, insofern sie	einerseits in Einzelnen existirt, andererseits in
12	80	join	sure	insofern mehr die Gestalt eines Satzes;	wie das particuläre Urtheil von unbestimmtem
12	81	join	sure	Subject ist daher *sowohl* *B* *als*	C; dieses *sowohl* *als* bezeichnet die
12	82	join	sure	des Subjects und Prädicats nach der	negativen Einheit ist die Gattung im
12	83	join	sure	die positive ebensosehr wie die negative	Totalität der Besondern ist, so ist
12	85	join	sure	weiter zur Totalität auszubilden, indem die	Momente, die es enthält, darin zunächst
12	86	join	sure	ist, wird daher wohl niemand meynen,	daß es nur im *subjectiven* *Bewußtseyn*
12	87	join	sure	*Zufälligkeit* als *Moment* aus; die *Sub-*	*jectivität* *der* *Sache*, ihrer objectiven Natur
12	88	join	sure	*ganzen* *Subject* ein Prädicat des Begriffs-Urtheils	zukommt oder nicht, d. i. ob
12	89	join	sure	selbst. – So ist die con-	crete Identität des Begriffs, welche das
12	91	join	sure	so beschäftigt, daß sie vergißt, die	Vernunft selbst zu erkennen, und sie
12	92	new	sure	sondern diese an ihr *gesetzt* enthält.	Durch diese seine Dialektik macht er
12	94	join	sure	gegeneinander der Schluß beruht, so zeigt	sich sogleich, daß andere Verhältnisse der
12	95	join	sure	und einen davon verschiedenen Schlußsatz trennt:	Alle Menschen sind sterblich,
12	96	join	sure	Menge von Bestimmtheiten, welche zu seiner	Besonderheit gehören, deren jede daher einen
12	97	join	sure	der Socialität die Gütergemeinschaft der Bürger	gefolgert werden kann; aus dem Medius
12	98	join	sure	Einzelnen auf das Besondere, propositio minor.	*Zweytens* ist die Beziehung der Extreme
12	99	new	sure	wieder ein, das aufgehoben werden soll.	Die Vermittlung muß daher auf eine
12	100	join	sure	nicht an und für sich zusammen-	geschlossen ist, sondern durch eine Zufälligkeit,
12	101	new	sure	durch eine zufällige Einzelnheit verknüpft sind.	Der Schluß der ersten Figur, war
12	102	join	sure	sowohl positiv als negativ; – ein	Schlußsatz, dem daher eben kein grosser
12	103	join	sure	die beyden ersten Schlüsse voraus; aber	umgekehrt setzen beyde ihn voraus, so
12	104	join	sure	Subject und Prädicat nicht haben, sondern	eines die Stelle des andern einnehmen
12	105	join	sure	Wenn der Vorzug desselben, unmittelbar *ein-*	*leuchtend* zu seyn, näher betrachtet wird,
12	106	join	sure	jede einzelne *zur* *Stelle* *der* *Mitte*	gekommen ist. Unmittelbar war diese als
12	107	join	sure	seyn mag, so wird auch dem	Studium der Vernunftformen ohne Zweifel ein
12	108	join	sure	formale Schluß selbst nur als eine	Art *neben* den übrigen, oder aber
12	109	join	sure	sie eine so weitläuffige *begrifflose* Beschäftigung	mit einem Gegenstande ist, dessen einziger
12	110	new	sure	wenn er für sich fixirt ist.	Der *Ploucquetsche* *Calcul* hat ohne Zweifel
12	111	new	sure	die absolute Identität des Begriffes ist.	Die Extreme sind die Bestimmungen des
12	112	join	sure	nunmehr *die* *Einzelnheit* enthält, und hie-	durch selbst concret ist, so kann
12	113	join	sure	*Vermittlung*, widersprachen, daß der erste Schluß	daher andere, und umgekehrt diese andern
12	114	join	sure	das die Mitte ausmacht, nicht sub-	sumirend oder Prädicat war. In der
12	115	join	sure	zugestandenermaßen *nicht* *vollendet* ist; es kann	aber nur angenommen werden, daß sich
12	116	join	sure	in der Logik gar nicht angeführt	werden. – Auch ist es unpassend,
12	117	join	sure	unmittelbar hat, die das andere aber	erst durch den Schluß erhält. –
12	118	join	sure	*gesetzt*. – Der Schluß der Reflexion	enthielt erst die *erste* Negation der
12	119	join	sure	Inhalt, sondern die Reflexion der Bestimmt-	heit der Extreme in sich ist.
12	120	new	sure	ist auch diese andere Prämisse kategorisch.	2) Dieser Schluß steht zunächst als
12	121	join	sure	ein *unmittelbares* Einzelnes ist, enthält es	Bestimmungen, welche nicht in der Mitte,
12	122	join	sure	oder nur erscheinendes Seyn. Sie verhalten	sich ferner als Seiten des Urtheils,
12	123	new	sure	in ihrer Objectivität auch Seyn ist.	Der Schlußsatz: *Also* *ist* *B*, drückt
12	124	join	sure	als die *Totalität*, als *entwickelte* *ob-*	jective Allgemeinheit bestimmt. Der Medius Terminus
12	125	join	sure	überhaupt in der Bestimmung der *Allgemein-*	*heit*, seine Mitte ist das A
12	126	join	sure	nicht nur in diesem Resultate hat	sich als die Wahrheit des Begriffs
12	128	join	sure	*Begriffs* und des ganzen Verlaufs, durch	den er sich zur *Objectivität* bestimmt.
12	129	new	sure	auf sich beziehende Negativität, *Einzelnheit* ist.	Unüberwindlich aber wird allerdings die Schwierigkeit,
12	130	new	sure	in ihren Werth und Würde zurückzuführen.	Es sind, wie bereits erinnert worden,
12	131	join	sure	wie auch blosses *Seyn* gegen *Wirklichkeit*,	werden auch wohl sonst unterschieden, so
12	132	new	sure	dem Begriff gegenübersteht, zu seyn, erhält.	*Vors* *erste* nun ist die Objectivität
12	134	join	sure	*ist*. Es ist daher an und	für sich Allgemeines; die Allgemeinheit nicht
12	135	new	sure	nicht ein *ausschliessendes*, *für* *sich* *selbstbestimmtes*.	2. Indem das Object nun Totalität
12	136	join	sure	nur identisch ist, ist nur Eine	Bestimmtheit vorhanden; und daß sie doppelt
12	137	join	sure	Aber da diesem *Ansichseyn* das *Gesetzt-*	*seyn*, der Grad der Entwicklung, nicht
12	138	join	sure	Form der Allgemeinheit ist, ist für	sich selbst eine *ideelle* Beziehung, worin
12	139	join	sure	ganze, an ihm *einzelne* Bestimmtheit war,	nun eine *Art* derselben, und die
12	140	join	sure	ist eine Bestimmtheit am Object als	*äusserlich* gesetzte. Dem *Begriffe* nach ist
12	141	join	sure	ist der ganz schwache Geist sicherer	gegen den starken als ein solcher,
12	142	join	sure	der *Einzelnheit* seines Ich daher schlechthin	*an* *und* *für* *sich* ist, und
12	144	join	sure	und deren Realität, welche hier zu-	nächst mechanische Centralität ist, muß auch
12	145	join	sure	sind auch die *Regierung*, die *Bürger-*	*individuen* und die *Bedürfnisse* oder das
12	146	join	sure	innerhalb seiner reinen Idealität *durch* *den*	*Unterschied* *erweiterte* Mittelpunkt. – Diese Realität,
12	147	join	sure	Aber das Object hat an der	ideellen Centralität und deren Gesetze allein
12	149	join	sure	Im Lebendigen steht das Geschlechts-Verhältniß unter	diesem Schema; so wie es auch
12	150	join	sure	Aber *zweytens*, da sie in der	Existenz gegeneinander stehen, so ist ihre
12	151	join	sure	Thätigkeit, die sich verzehrend nach aussen	kehrt. Sie bezieht sich *unmittelbar* auf
12	152	join	sure	Anfang zurückgegangen, in welchem gegeneinander ge-	spannte Objecte einander suchen, und dann
12	153	join	sure	wieder anfacht; bedingt durch eine un-	mittelbare Voraussetzung, erschöpft er sich in
12	155	join	sure	*Drittes* *ihre* *Wahrheit*, *oder* *ob* *einer*	*die* *Wahrheit* *des* *andern* *ist*. –
12	156	join	sure	– eine Totalität, die sich in	dem Zwecke und dem damit zusammenhängenden
12	157	join	sure	willen, macht die *Form* *der* *Zweck-*	*mässigkeit* für sich allein das Wesentliche
12	158	join	sure	das Gesetz der Natur gerade darin	bestehe, daß *ohne* *hinreichend* à priori
12	159	new	sure	Objecte oder des Erkennens, nicht fragt.	So ungenügend daher die Kantische Erörterung
12	160	join	sure	zunächst als äusserlich gesetzte Begriff, welcher	Zweck ist; der Begriff ist nicht
12	161	join	sure	insofern noch *unbestimmte* *Thätigkeit*; aber weil	diese die negative Beziehung auf sich
12	162	join	sure	ist es die Realisation des Zwecks,	nemlich die Vereinigung des objectiven Seyns
12	163	join	sure	Mitte des Schlusses. Der Zweck be-	darf eines Mittels zu seiner Ausführung,
12	164	join	sure	gezeigt, daß die Zweckbestimmung am Mittel,	zugleich Reflexion in sich selbst ist;
12	166	join	sure	eben so gegen einander selbstständige Totali-	täten sind. Daß der Zweck sich
12	167	join	sure	*identisch* *bleibende* in der Realisirung des	Zweckes. Der teleologische Proceß ist *Uebersetzung*
12	168	join	sure	eigenthümliche Inhalt des Objects, ist *für*	*sich* selbst nicht eine mechanische Bestimmtheit,
12	169	join	sure	Ausführung eines Zwecks gebraucht und wesent-	lich als Mittel genommen werden soll,
12	170	join	sure	ist, nur *als* äusserliches, unwesentliches gesetzt,	daher im Zwecke selbst als dessen
12	171	join	sure	ist dieses anscheinend erste Aufheben der	gleichgültigen Objectivität auch schon das zweyte,
12	172	join	sure	äusserlichen Objectivität, und damit der Aeusser-	lichkeit überhaupt, *durch* *sich* *selbst*, hiemit
12	174	new	sure	wie noch der äusserliche Zweck hatte.	Indem nun der Ausdruck *Idee* für
12	175	join	sure	und der nur des Endlichen, nicht	seines Wesens bewußte Geist, haben zwar,
12	176	join	sure	sie müßten zu Grunde gehen. Der	schlechteste Staat, dessen Realität dem Begriffe
12	177	join	sure	gleich ihre Realität in einer Ma-	teriatur hat, so ist diese nicht
12	178	join	sure	des *Guten*, als *Erkennen* und *Wol-*	*len*. Zunächst ist sie endliches Erkennen
12	180	join	sure	hat sich aber durch die eigene	Nothwendigkeit des Begriffes herbeygeführt; die *Idee*,
12	181	join	sure	ist hier weder als Mittel eines	Geistes, noch als sein lebendiger Leib,
12	182	new	sure	die *Voraussetzung* einer unmittelbaren Objectivität macht.	Das Leben ist daher *erstlich* zu
12	183	join	sure	in anderer Bestimmung. Dort war sie	die Einheit des Begriffs und der
12	184	join	sure	aus Theilen besteht, als ein solches,	auf welches mechanische oder chemische Ursachen
12	185	join	sure	des Lebendigen ist die Manifestation des	Begriffs an ihm, der als die
12	186	join	sure	ist um der Abstraction seiner Negativität	willen, Trieb; es *bestimmt* sich; die
12	188	join	sure	sie eine Wirklichkeit von der unendlichen	Kraft, daß sie in sich die
12	189	new	sure	seiner ursprünglichen Identität gemäß, setzen muß.	Mit der Bemächtigung des Objects geht
12	190	join	sure	es vorher nur aus dem *Begriffe*	hervorging, und daß seine Entstehung, die
12	191	join	sure	*gemeine* *Wahrnehmung* *vorhanden*, was der Begriff	ist, und daß der *subjective* *Begriff*
12	193	join	sure	so zeigt er in seiner Erschei-	nung und Beziehung auf die Aeusserlichkeit
12	194	join	sure	Einzelnheit des Wirklichen überhaupt *äusserliche* Reflexions-	bestimmung, in die Form von den
12	195	join	sure	gefodert, und sie es ist, welche	vermißt wird, so sieht man wohl,
12	196	join	sure	nicht sich auf sich abstract be-	ziehendes Bestimmtseyn, sondern die Einheit *seiner*
12	197	join	sure	des Lebens als absolute negative Einheit	ist daher, die abstracte oder was
12	198	join	sure	*sein* *Anderes*, als gegenüberstehenden Gegenstand beziehend.	Indem der Geist hier nicht mehr
12	199	join	sure	*Idee* selbst noch in ihrer *Er-*	*scheinung*. Was sie *sucht*, ist das
12	200	join	sure	von sich zugleich die wesentliche Bestimmung	der *Verschiedenheit* und des gleichgültigen Daseyns
12	201	join	sure	eines *gegebenen* hat, so ist das	vorausgesetzte *Ansichseyn* gegen den Begriff, nicht
12	202	new	sure	Realisirung ihres Begriffes in ihm komme.	In dem Schlusse, wodurch sich die
12	203	join	sure	worin die Thätigkeit sich ihrer Negativi-	tät entäussert. Jene Unmittelbarkeit der Beziehung
12	204	join	sure	wie wegen des erstern als *Pro*-	*duct* einer bloß subjectiven Thätigkeit erscheinen.
12	205	join	sure	so fort. Indem Kant die tiefe	Bemerkung von *synthetischen* Grundsätzen à priori
12	206	join	sure	die Reduction des Ungleichen auf immer	grössere Gleichheit. Um ein Beyspiel an
12	207	join	sure	der Stoff gleichgültig annimmt, an wel-	chem sie gesetzt werden. Der ganze
12	208	join	sure	algebraische Auflösung mit Hülfe der Betrach-	tung des *Residuums* von xᵐ⁻¹−1 durch
12	210	join	sure	den Unterschieden der Erscheinung fortgeht, und	*für* *sich* den Satz als Einheit
12	211	join	sure	wegen seines äusserlichen Anfangs am Ein-	zelnen ist es ein subjectives. Der
12	212	new	sure	nicht mehr zur unmittelbaren Definition gehört.	*Drittens* aber sieht es mit den
12	213	join	sure	eigentliche Begriffsbestimmungen, die wesentlich die Prin-	cipien der Gegenstände wären, von selbst
12	214	join	sure	Wirklichkeit diesem Begriffe nur unvollständig ent-	spricht, daß sie *schlecht* ist. Indem
12	216	join	sure	der *Leichtigkeit* gefragt wird, so erhellt	ohnehin von selbst, daß es dem
12	217	join	sure	– Um noch eines Beyspiels zu	erwähnen, so konnte es als naturgemäß
12	218	join	sure	das die Glieder der Disjunction zu	einander haben sollen. Das Geschäft des
12	219	join	sure	dessen Zusammenstellung sich wieder von einer	andern Bestimmtheit leiten läßt, gibt die
12	220	join	sure	nicht aus-, doch weitreichenden Eintheilungsgrund an	diesen Punkt gewendet, und dadurch eine
12	221	join	sure	Realität, wodurch er Idee wird, übergegangen.	Die Synthesis, die im Lehrsatze enthalten
12	222	join	sure	Statt findet, also auch keine Vermitt-	lung erforderlich ist. Sind die Axiome
12	223	join	sure	er doch mehr die äusserliche Anord-	nung der Zweckmässigkeit, und hat für
12	224	join	sure	mit grösserer Ungleichheit behafteten, nicht recht-	winklichten Dreyecke auf das gleichförmige zurückgeführt
12	225	join	sure	den Begriff des Zusammenhangs, als ein	vorläufiges Material zum Gerüste des Beweises
12	226	join	sure	die nothwendige Grenze dieses Erkennens, welche	sehr häufig verkannt worden ist. Das
12	227	join	sure	Wissenschaft *des* *Endlichen*, das nach der	Grösse verglichen wird, und dessen Einheit
12	228	join	sure	der concreten Erfahrung unter die vorausgesetzten	Bestimmungen wird die Grundlage der Theorie
12	229	join	sure	um den Credit gebracht.[^fn-233-1] Den Glau-	ben an die Tauglichkeit und Wesentlichkeit
12	230	join	sure	als zu einer der Freyheit gegenüberstehenden	*Nothwendigkeit*, – nemlich einer *Identität* des
12	232	join	sure	*Besonderung*, da die Reflexion des Willens	in sich als negative Einheit überhaupt
12	233	join	sure	besteht, und die als eine Andere	ihren eigenen Gang geht, ist selbst
12	234	join	sure	bemächtigt und in der zweyten Prämisse	als äusserliches *Mittel* gegen die äusserliche
12	235	join	sure	daher auch so, daß *die* *sub*-	*jective* *Haltung* des objectiven Begriffes reproducirt
12	237	join	sure	Idee kann auch eine *Weise* der-	selben genannt werden; aber indem die
12	238	join	sure	Form nur als äusserliche und zufällige	Bestimmung verhielte, hat sich diese vielmehr
12	239	join	sure	der Schluß ist daher immer der	formelle; die Prämisse, in welcher das
12	240	join	sure	dem denkenden Begreiffen gehört, sondern die	Erhebung der Vorstellung, des empirischen und
12	241	join	sure	hier als das *Ansichseyn* ohne *Fürsich-*	*seyn* ausgedrückt ist. – Man kann
12	242	join	sure	*Plato* von dem Erkennen foderte, die	*Dinge* *an* *und* *für* *sich* *selbst*
12	243	join	sure	Plato häufig gegen die Vorstellungen und	Begriffe seiner Zeit, insbesondere der Sophisten,
12	244	join	sure	es ein unendliches Verdienst der kantischen	Philosophie die Aufmerksamkeit gezogen, und damit
12	245	join	sure	nicht das *leere* *Negative*, das *Nichts*,	das als das gewöhnliche Resultat der
12	246	join	sure	*an* *sich* enthält, in ihm gesetzt	wird. Das Zweyte hingegen ist selbst
12	247	join	sure	verschieden, sich auf das Andere be-	zieht. Als das *Vermittelnde* erscheint das
12	248	join	sure	zu einem äusserlichen Ordnen zu gebrauchen,	hat jene Form langweilig und übel
12	249	join	sure	sie ist ebensosehr synthetisch, denn durch	den Begriff wird der Gegenstand dialektisch
12	250	join	sure	Anfänge zu ihrem einzigen Inhalte haben,	ist es selbst, was ihre Bestimmtheit
12	251	new	sure	bereichert und verdichtet sich in sich.	Diese *Erweiterung* kann als das Moment
12	252	join	sure	Ungeduld, die über das *Bestimmte*, es	heisse Anfang, Object, Endliches, oder in
12	253	join	sure	durchläuft, sich zum Ganzen seiner Reali-	tät, zum Systeme der Wissenschaft ausbildet,
